Test Name,#synthesized,#strengthened,Time-CEG,Time-Z3,Time-fensying,Time-total,#synthesized(t=1),#strengthened(t=1),Time-CEG(t=1),Time-Z3(t=1),Time-fensying(t=1),Time-total(t=1),#synthesized(t=2),#strengthened(t=2),Time-CEG(t=2),Time-Z3(t=2),Time-fensying(t=2),Time-total(t=2)
R+eieio+isync.cc,0,0,3.0933333333333333,0,0.0033333333333333335,3.0966666666666662,NO-BUGGY-TRACES,,,,,,
MP0199.cc,NO-BUGGY-TRACES,,,,,,
S+PPO441.cc,0,0,3.0533333333333332,0,0.01,3.063333333333333,NO-BUGGY-TRACES,,,,,,
Z6.3+eieio+po+po.cc,3,0,3.0766666666666667,0.023333333333333334,6.083333333333333,9.186666666666667,3,0,6.096666666666667,0.023333333333333334,6.056666666666666,12.173333333333332,3,0,6.076666666666667,0.02,6.016666666666667,12.116666666666667
MP+po+isync.cc,0,0,3.03,0,0.01,3.0399999999999996,NO-BUGGY-TRACES,,,,,,
LB0092.cc,0,0,3.03,0,0.01,3.043333333333333,NO-BUGGY-TRACES,,,,,,
S+PPO047.cc,NO-BUGGY-TRACES,,,,,,
ISA2+lwsync+eieio+eieio.cc,0,0,3.06,0,0.01,3.07,NO-BUGGY-TRACES,,,,,,
DETOUR1018.cc,2,0,3.0566666666666666,0.24,16.713333333333335,20.013333333333332,2,0,6.086666666666666,0.2333333333333333,16.446666666666665,22.766666666666666,2,0,6.076666666666667,0.24,16.416666666666668,22.736666666666665
LB+PPO0027.cc,NO-BUGGY-TRACES,,,,,,
Z6.2+lwsync+sync+eieio.cc,0,0,3.043333333333333,0,0.01,3.0533333333333332,NO-BUGGY-TRACES,,,,,,
Z6.4+lwsync+lwsync+po.cc,3,0,3.0400000000000005,0.06666666666666667,9.736666666666666,12.843333333333334,3,0,6.05,0.07,9.79,15.903333333333334,3,0,6.103333333333333,0.06666666666666667,9.84,16.013333333333332
DETOUR0080.cc,0,0,3.046666666666667,0,0.0033333333333333335,3.0566666666666666,NO-BUGGY-TRACES,,,,,,
LB+PPO0122.cc,NO-BUGGY-TRACES,,,,,,
ppc-cookbook6.2.2.noloop.cc,0,0,3.0700000000000003,0,0.006666666666666667,3.0766666666666667,NO-BUGGY-TRACES,,,,,,
WRR+2W+eieios.cc,0,0,3.0400000000000005,0,0.0033333333333333335,3.0500000000000003,NO-BUGGY-TRACES,,,,,,
isa1v8.cc,0,0,3.033333333333333,0,0.0033333333333333335,3.0399999999999996,NO-BUGGY-TRACES,,,,,,
DETOUR0338.cc,0,0,3.0366666666666666,0,0.006666666666666667,3.046666666666667,NO-BUGGY-TRACES,,,,,,
MP+PPO081.cc,0,0,3.03,0,0.006666666666666667,3.0366666666666666,NO-BUGGY-TRACES,,,,,,
safe521.cc,0,0,3.0700000000000003,0,0.0033333333333333335,3.0833333333333335,NO-BUGGY-TRACES,,,,,,
3.2W+sync+lwsync+rfi-data.cc,3,0,3.0566666666666666,1.32,8.183333333333332,12.556666666666667,3,0,6.166666666666667,1.3133333333333332,8.126666666666665,15.606666666666667,3,0,6.140000000000001,1.3133333333333332,8.173333333333334,15.626666666666665
LB+PPO0255.cc,0,0,3.063333333333333,0,0.0033333333333333335,3.073333333333333,NO-BUGGY-TRACES,,,,,,
Z6.5+lwsync+po+sync.cc,3,0,3.1133333333333333,0.06666666666666667,0.68,3.86,3,0,6.12,0.06333333333333334,0.6966666666666668,6.88,3,0,6.083333333333333,0.06,0.6833333333333332,6.829999999999999
WWC+syncs.cc,NO-BUGGY-TRACES,,,,,,
MOREDETOUR0616.cc,2,0,3.073333333333333,0.04,48.28666666666667,51.4,2,0,6.1000000000000005,0.04,48.63666666666666,54.77333333333333,2,0,6.0633333333333335,0.036666666666666674,48.65333333333333,54.75333333333334
ISA2+sync+eieio+ctrlisync.cc,0,0,3.0533333333333332,0,0.006666666666666667,3.06,NO-BUGGY-TRACES,,,,,,
MOREDETOUR0532.cc,0,0,3.0366666666666666,0,0.0033333333333333335,3.043333333333333,NO-BUGGY-TRACES,,,,,,
MP+PPO147.cc,NO-BUGGY-TRACES,,,,,,
Z6.3+lwsync+sync+addr-fri-rfi-addr.cc,0,0,3.026666666666667,0,0.0033333333333333335,3.0366666666666666,NO-BUGGY-TRACES,,,,,,
safe561.cc,NO-BUGGY-TRACES,,,,,,
ppc-iwp2.3.b.cc,NO-BUGGY-TRACES,,,,,,
S+PPO725.cc,0,0,3.043333333333333,0,0.0033333333333333335,3.0499999999999994,NO-BUGGY-TRACES,,,,,,
MP+PPO852.cc,0,0,3.046666666666667,0,0.0033333333333333335,3.0533333333333332,NO-BUGGY-TRACES,,,,,,
Z6.2+sync+lwsync+lwsync.cc,0,0,3.0700000000000003,0,0.0033333333333333335,3.0766666666666667,NO-BUGGY-TRACES,,,,,,
S+PPO058.cc,0,0,3.0499999999999994,0,0.0033333333333333335,3.0533333333333332,NO-BUGGY-TRACES,,,,,,
DETOUR0402.cc,0,0,3.0400000000000005,0,0.006666666666666667,3.046666666666667,NO-BUGGY-TRACES,,,,,,
podrwposwr048.cc,0,0,3.066666666666667,0,0.0033333333333333335,3.0766666666666667,NO-BUGGY-TRACES,,,,,,
S+PPO037.cc,0,0,3.043333333333333,0,0.006666666666666667,3.0533333333333332,NO-BUGGY-TRACES,,,,,,
safe159.cc,NO-BUGGY-TRACES,,,,,,
DETOUR1298.cc,2,0,3.08,9.253333333333332,47.79666666666666,60.13333333333333,2,0,6.183333333333334,9.176666666666666,51.96333333333333,67.32333333333334,2,0,6.183333333333333,9.216666666666667,50.27666666666667,65.67666666666666
ISA2+eieio+ctrlisync+ctrl.cc,0,0,3.063333333333333,0,0.0033333333333333335,3.073333333333333,NO-BUGGY-TRACES,,,,,,
ISA2+lwsync+data+ctrl.cc,NO-BUGGY-TRACES,,,,,,
WW+RW+RW+RR+WR+WR+lwsync+lwsync+sync+lwsync+sync+sync.cc,0,0,7.52,0,0.0033333333333333335,7.523333333333333,NO-BUGGY-TRACES,,,,,,
DETOUR0427.cc,0,0,3.0566666666666666,0,0.006666666666666667,3.063333333333333,NO-BUGGY-TRACES,,,,,,
S0128.cc,0,0,3.0399999999999996,0,0.0033333333333333335,3.043333333333333,NO-BUGGY-TRACES,,,,,,
MP+PPO065.cc,0,0,3.033333333333333,0,0.006666666666666667,3.043333333333333,NO-BUGGY-TRACES,,,,,,
MOREDETOUR0097.cc,0,0,3.31,0,0.006666666666666667,3.32,NO-BUGGY-TRACES,,,,,,
W+RWC+sync+eieio+po.cc,3,0,3.1033333333333335,0.06333333333333334,449.7866666666667,452.9533333333334,3,0,6.22,0.07,446.0833333333333,452.3666666666666,3,0,5.996666666666667,0.06666666666666667,446.4433333333333,452.51
LB+PPO0541.cc,0,0,2.8800000000000003,0,0.0033333333333333335,2.883333333333333,NO-BUGGY-TRACES,,,,,,
S+PPO333.cc,0,0,2.8466666666666662,0,0.0033333333333333335,2.8533333333333335,NO-BUGGY-TRACES,,,,,,
safe141.cc,0,0,2.8366666666666664,0,0.0033333333333333335,2.84,NO-BUGGY-TRACES,,,,,,
MP0079.cc,0,0,2.8866666666666667,0,0.006666666666666667,2.893333333333333,NO-BUGGY-TRACES,,,,,,
MP+PPO822.cc,0,0,2.8800000000000003,0,0.006666666666666667,2.893333333333333,NO-BUGGY-TRACES,,,,,,
DETOUR1094.cc,0,0,2.8666666666666667,0,0.0033333333333333335,2.8699999999999997,NO-BUGGY-TRACES,,,,,,
MP+PPO639.cc,0,0,2.89,0,0.0033333333333333335,2.8966666666666665,NO-BUGGY-TRACES,,,,,,
R0017.cc,0,0,2.8633333333333333,0,0.0033333333333333335,2.8666666666666667,NO-BUGGY-TRACES,,,,,,
DETOUR0456.cc,0,0,2.8733333333333335,0,0.0033333333333333335,2.8766666666666665,NO-BUGGY-TRACES,,,,,,
MP0084.cc,NO-BUGGY-TRACES,,,,,,
MP+sync+ctrl-data-detw.cc,NO-BUGGY-TRACES,,,,,,
DETOUR1212.cc,NO-BUGGY-TRACES,,,,,,
n2s.cc,0,0,2.8766666666666665,0,0.0033333333333333335,2.8866666666666667,NO-BUGGY-TRACES,,,,,,
Z6.1+rfi-data+lwsync+data.cc,3,0,2.8966666666666665,0.04666666666666667,50.75,53.696666666666665,3,0,5.746666666666666,0.05000000000000001,50.23,56.02666666666667,3,0,5.7299999999999995,0.05000000000000001,49.870000000000005,55.653333333333336
S+PPO358.cc,0,0,2.8800000000000003,0,0.0033333333333333335,2.89,NO-BUGGY-TRACES,,,,,,
S+PPO484.cc,NO-BUGGY-TRACES,,,,,,
Z6.2+rfi-data+addr+data.cc,NO-BUGGY-TRACES,,,,,,
S+PPO068.cc,NO-BUGGY-TRACES,,,,,,
DETOUR0347.cc,0,0,2.8900000000000006,0,0.006666666666666667,2.893333333333333,NO-BUGGY-TRACES,,,,,,
Z6.0+po+eieio+sync.cc,0,0,2.8733333333333335,0,0.006666666666666667,2.8800000000000003,NO-BUGGY-TRACES,,,,,,
PPO002.cc,NO-BUGGY-TRACES,,,,,,
LB+PPO0223.cc,0,0,2.853333333333333,0,0.006666666666666667,2.866666666666667,NO-BUGGY-TRACES,,,,,,
DETOUR1328.cc,Fensying TO (15),,,,,,
ISA2+eieio+eieio+isync.cc,NO-BUGGY-TRACES,,,,,,
S+PPO206.cc,NO-BUGGY-TRACES,,,,,,
LB+PPO0207.cc,0,0,2.8633333333333333,0,0.0033333333333333335,2.8666666666666667,NO-BUGGY-TRACES,,,,,,
DETOUR0954.cc,2,0,2.8800000000000003,0.22666666666666666,233.54333333333332,236.65333333333334,2,0,5.733333333333333,0.22,230.63333333333333,236.58666666666667,2,0,5.75,0.2333333333333333,233.61333333333334,239.59333333333333
MOREDETOUR0733.cc,0,0,2.873333333333333,0,0.0033333333333333335,2.8800000000000003,NO-BUGGY-TRACES,,,,,,
podrwposwr016.cc,NO-BUGGY-TRACES,,,,,,
MOREDETOUR0151.cc,0,0,2.9066666666666667,0,0.0033333333333333335,2.9133333333333336,NO-BUGGY-TRACES,,,,,,
DETOUR0285.cc,0,0,2.9033333333333338,0,0.0033333333333333335,2.91,NO-BUGGY-TRACES,,,,,,
MOREDETOUR0038.cc,0,0,2.8833333333333333,0,0.006666666666666667,2.8866666666666667,NO-BUGGY-TRACES,,,,,,
MP+isync+addr.cc,0,0,2.873333333333333,0,0.0033333333333333335,2.8799999999999994,NO-BUGGY-TRACES,,,,,,
m6l.cc,NO-BUGGY-TRACES,,,,,,
S+isync+ctrl.cc,0,0,2.866666666666667,0,0.0033333333333333335,2.8733333333333335,NO-BUGGY-TRACES,,,,,,
dx3.cc,NO-BUGGY-TRACES,,,,,,
MP+PPO604.cc,0,0,2.8733333333333335,0,0.0033333333333333335,2.876666666666667,NO-BUGGY-TRACES,,,,,,
MOREDETOUR0727.cc,0,0,2.97,0,0.0033333333333333335,2.9766666666666666,NO-BUGGY-TRACES,,,,,,
WWC+po+addr.cc,0,0,2.8533333333333335,0,0.0033333333333333335,2.86,NO-BUGGY-TRACES,,,,,,
Z6.5+eieio+lwsync+lwsync.cc,0,0,2.893333333333333,0,0.006666666666666667,2.8966666666666665,NO-BUGGY-TRACES,,,,,,
MP+PPO189.cc,0,0,2.8699999999999997,0,0.006666666666666667,2.873333333333333,NO-BUGGY-TRACES,,,,,,
DETOUR0472.cc,NO-BUGGY-TRACES,,,,,,
SB+lwsync+sync.cc,NO-BUGGY-TRACES,,,,,,
MP+PPO565.cc,NO-BUGGY-TRACES,,,,,,
MOREDETOUR0054.cc,NO-BUGGY-TRACES,,,,,,
LB+ctrlisync+addr.cc,0,0,2.8533333333333335,0,0.006666666666666667,2.8666666666666667,NO-BUGGY-TRACES,,,,,,
SB+lwsync+isync.cc,NO-BUGGY-TRACES,,,,,,
WRR+2W+addr-fri-rfi-addr+rfi-data.cc,Fensying TO (15),,,,,,
LB+PPO0342.cc,0,0,2.856666666666667,0,0.006666666666666667,2.8633333333333333,NO-BUGGY-TRACES,,,,,,
MP+PPO969.cc,0,0,2.8333333333333335,0,0.0033333333333333335,2.8466666666666662,NO-BUGGY-TRACES,,,,,,
safe424.cc,0,0,2.9166666666666665,0,0.0033333333333333335,2.92,NO-BUGGY-TRACES,,,,,,
Z6.4+eieio+eieio+po.cc,3,0,2.876666666666667,0.06666666666666667,9.61,12.549999999999999,3,0,5.760000000000001,0.07333333333333335,9.626666666666667,15.46,3,0,5.743333333333333,0.06666666666666667,9.603333333333333,15.413333333333332
S+PPO828.cc,0,0,2.8200000000000003,0,0.006666666666666667,2.8266666666666667,NO-BUGGY-TRACES,,,,,,
MOREDETOUR0592.cc,0,0,2.9633333333333334,0,0.0033333333333333335,2.97,NO-BUGGY-TRACES,,,,,,
MP+PPO126.cc,NO-BUGGY-TRACES,,,,,,
DETOUR0554.cc,Fensying TO (15),,,,,,
MP+PPO791.cc,0,0,2.8866666666666667,0,0.01,2.9033333333333338,NO-BUGGY-TRACES,,,,,,
hh3.cc,NO-BUGGY-TRACES,,,,,,
MP+PPO362.cc,NO-BUGGY-TRACES,,,,,,
S+PPO572.cc,0,0,2.8666666666666667,0,0.006666666666666667,2.873333333333333,NO-BUGGY-TRACES,,,,,,
Z6.0+lwsync+po+po.cc,3,0,2.89,0.02666666666666667,6.18,9.093333333333334,3,0,5.803333333333334,0.023333333333333334,6.28,12.11,3,0,5.716666666666666,0.023333333333333334,6.253333333333333,11.993333333333332
LB+PPO0222.cc,0,0,2.8866666666666667,0,0.006666666666666667,2.893333333333333,NO-BUGGY-TRACES,,,,,,
Z6.5+lwsync+po+lwsync.cc,3,0,2.893333333333333,0.07,0.66,3.623333333333333,3,0,5.756666666666667,0.06333333333333334,0.7066666666666667,6.523333333333333,3,0,5.710000000000001,0.06666666666666667,0.6633333333333334,6.44
MP+PPO008.cc,NO-BUGGY-TRACES,,,,,,
LB+PPO0238.cc,NO-BUGGY-TRACES,,,,,,
DETOUR0249.cc,0,0,2.8799999999999994,0,0.0033333333333333335,2.8866666666666667,NO-BUGGY-TRACES,,,,,,
S+PPO871.cc,NO-BUGGY-TRACES,,,,,,
DETOUR0500.cc,NO-BUGGY-TRACES,,,,,,
MOREDETOUR0523.cc,0,0,2.8333333333333335,0,0.0033333333333333335,2.84,NO-BUGGY-TRACES,,,,,,
DETOUR1085.cc,0,0,2.856666666666667,0,0.006666666666666667,2.86,NO-BUGGY-TRACES,,,,,,
DETOUR0967.cc,Fensying TO (15),,,,,,
S+lwsync+ctrlisync.cc,0,0,2.8466666666666662,0,0.006666666666666667,2.8533333333333335,NO-BUGGY-TRACES,,,,,,
MOREDETOUR0431.cc,2,0,2.8666666666666667,0.22,42.74666666666667,45.833333333333336,2,0,5.706666666666666,0.23,42.82,48.76,2,0,5.753333333333333,0.23666666666666666,42.703333333333326,48.693333333333335
LB+PPO0511.cc,0,0,2.893333333333333,0,0.006666666666666667,2.9,NO-BUGGY-TRACES,,,,,,
DETOUR0144.cc,0,0,2.8333333333333335,0,0.0033333333333333335,2.8366666666666664,NO-BUGGY-TRACES,,,,,,
S0031.cc,NO-BUGGY-TRACES,,,,,,
S+PPO383.cc,0,0,2.876666666666667,0,0.006666666666666667,2.89,NO-BUGGY-TRACES,,,,,,
MOREDETOUR0762.cc,NO-BUGGY-TRACES,,,,,,
MOREDETOUR0356.cc,NO-BUGGY-TRACES,,,,,,
safe395.cc,0,0,2.8966666666666665,0,0.006666666666666667,2.9033333333333338,NO-BUGGY-TRACES,,,,,,
3.2W+eieio+eieio+lwsync.cc,0,0,2.893333333333333,0,0.0033333333333333335,2.9,NO-BUGGY-TRACES,,,,,,
MP+PPO491.cc,0,0,2.8666666666666667,0,0.006666666666666667,2.8800000000000003,NO-BUGGY-TRACES,,,,,,
DETOUR0020.cc,NO-BUGGY-TRACES,,,,,,
S+PPO166.cc,0,0,2.9033333333333338,0,0.0033333333333333335,2.9133333333333336,NO-BUGGY-TRACES,,,,,,
MP+PPO559.cc,NO-BUGGY-TRACES,,,,,,
S+PPO408.cc,NO-BUGGY-TRACES,,,,,,
MOREDETOUR0639.cc,Fensying TO (15),,,,,,
MOREDETOUR0889.cc,2,0,2.9,8.643333333333333,70.87,82.41333333333333,2,0,5.81,8.506666666666666,66.71999999999998,81.03333333333335,2,0,5.79,8.466666666666667,64.58333333333333,78.84
DETOUR0958.cc,Fensying TO (15),,,,,,
DETOUR0075.cc,0,0,2.89,0,0.006666666666666667,2.8966666666666665,NO-BUGGY-TRACES,,,,,,
DETOUR0102.cc,0,0,2.8766666666666665,0,0.0033333333333333335,2.8800000000000003,NO-BUGGY-TRACES,,,,,,
S+PPO691.cc,0,0,2.8699999999999997,0,0.0033333333333333335,2.876666666666667,NO-BUGGY-TRACES,,,,,,
MP0007.cc,0,0,2.8366666666666664,0,0.0033333333333333335,2.8433333333333333,NO-BUGGY-TRACES,,,,,,
DETOUR0330.cc,NO-BUGGY-TRACES,,,,,,
b1.cc,0,0,2.8466666666666662,0,0.0033333333333333335,2.85,NO-BUGGY-TRACES,,,,,,
Z6.1+po+lwsync+po.cc,3,0,2.8633333333333333,0.02,23.070000000000004,25.960000000000004,3,0,5.736666666666667,0.023333333333333334,22.763333333333335,28.52333333333333,3,0,5.753333333333333,0.02,23.05333333333333,28.833333333333332
R0014.cc,0,0,2.8633333333333333,0,0.006666666666666667,2.866666666666667,NO-BUGGY-TRACES,,,,,,
safe272.cc,0,0,2.893333333333333,0,0.006666666666666667,2.9000000000000004,NO-BUGGY-TRACES,,,,,,
Z6.3+lwsync+rfi-data+addr.cc,3,0,2.89,0.05333333333333334,433.2,436.14333333333326,3,0,5.719999999999999,0.05000000000000001,428.7866666666667,434.55999999999995,3,0,5.756666666666667,0.05000000000000001,429.03999999999996,434.84666666666664
R0119.cc,2,0,2.8766666666666665,0.04,0.3233333333333333,3.2433333333333336,2,0,5.746666666666666,0.04,0.35666666666666663,6.1433333333333335,2,0,5.703333333333333,0.036666666666666674,0.33666666666666667,6.076666666666667
DETOUR0777.cc,0,0,2.8866666666666667,0,0.006666666666666667,2.89,NO-BUGGY-TRACES,,,,,,
Z6.0+lwsync+eieio+eieio.cc,0,0,2.8666666666666667,0,0.0033333333333333335,2.8699999999999997,NO-BUGGY-TRACES,,,,,,
MOREDETOUR0216.cc,0,0,2.8533333333333335,0,0.0033333333333333335,2.86,NO-BUGGY-TRACES,,,,,,
DETOUR0693.cc,NO-BUGGY-TRACES,,,,,,
R03+sync.cc,NO-BUGGY-TRACES,,,,,,
d3.cc,NO-BUGGY-TRACES,,,,,,
MP+PPO738.cc,0,0,2.8699999999999997,0,0.006666666666666667,2.876666666666667,NO-BUGGY-TRACES,,,,,,
LB+PPO0037.cc,0,0,2.8533333333333335,0,0.0033333333333333335,2.856666666666667,NO-BUGGY-TRACES,,,,,,
podrwposwr043.cc,0,0,2.8833333333333333,0,0.0033333333333333335,2.8866666666666667,NO-BUGGY-TRACES,,,,,,
safe433.cc,0,0,2.8599999999999994,0,0.006666666666666667,2.8699999999999997,NO-BUGGY-TRACES,,,,,,
aclwdrr027.cc,0,0,2.9433333333333334,0,0.006666666666666667,2.953333333333333,NO-BUGGY-TRACES,,,,,,
DETOUR1163.cc,0,0,2.856666666666667,0,0.0033333333333333335,2.86,NO-BUGGY-TRACES,,,,,,
MP0187.cc,0,0,2.85,0,0.0033333333333333335,2.86,NO-BUGGY-TRACES,,,,,,
LB0024.cc,0,0,2.873333333333333,0,0.0033333333333333335,2.8833333333333333,NO-BUGGY-TRACES,,,,,,
WRR+2W+lwsync+sync.cc,0,0,2.876666666666667,0,0.0033333333333333335,2.8800000000000003,NO-BUGGY-TRACES,,,,,,
3.2W+sync+sync+lwsync.cc,0,0,2.85,0,0.0033333333333333335,2.8533333333333335,NO-BUGGY-TRACES,,,,,,
MOREDETOUR0835.cc,0,0,2.8466666666666662,0,0.0033333333333333335,2.8533333333333335,NO-BUGGY-TRACES,,,,,,
LB+PPO0060.cc,0,0,2.83,0,0.0033333333333333335,2.8366666666666664,NO-BUGGY-TRACES,,,,,,
Z6.1+eieio+po+eieio.cc,NO-BUGGY-TRACES,,,,,,
MP+PPO346.cc,0,0,2.883333333333333,0,0.006666666666666667,2.89,NO-BUGGY-TRACES,,,,,,
3.2W+syncs.cc,NO-BUGGY-TRACES,,,,,,
podrwposwr033.cc,NO-BUGGY-TRACES,,,,,,
CO-SB.cc,NO-BUGGY-TRACES,,,,,,
m3s.cc,NO-BUGGY-TRACES,,,,,,
safe413.cc,NO-BUGGY-TRACES,,,,,,
S+PPO276.cc,0,0,2.86,0,0.006666666666666667,2.8699999999999997,NO-BUGGY-TRACES,,,,,,
LB+PPO0441.cc,NO-BUGGY-TRACES,,,,,,
DETOUR1051.cc,2,0,2.84,0.24,32.00333333333333,35.083333333333336,2,0,5.676666666666667,0.22,31.610000000000003,37.51,2,0,5.706666666666667,0.22999999999999998,31.67,37.60666666666666
DETOUR1118.cc,NO-BUGGY-TRACES,,,,,,
S+PPO853.cc,0,0,2.856666666666667,0,0.006666666666666667,2.8699999999999997,NO-BUGGY-TRACES,,,,,,
bb6.cc,NO-BUGGY-TRACES,,,,,,
PPO000.cc,NO-BUGGY-TRACES,,,,,,
podrwposwr030.cc,NO-BUGGY-TRACES,,,,,,
S+PPO031.cc,NO-BUGGY-TRACES,,,,,,
SB0005.cc,2,0,2.8633333333333333,0.04,0.7366666666666667,3.6366666666666667,2,0,5.73,0.036666666666666674,0.7233333333333333,6.4866666666666655,2,0,5.716666666666666,0.04,0.7433333333333333,6.496666666666667
LB0001.cc,0,0,2.8733333333333335,0,0.0033333333333333335,2.876666666666667,NO-BUGGY-TRACES,,,,,,
Z6.3+sync+po+eieio.cc,0,0,2.86,0,0.006666666666666667,2.866666666666667,NO-BUGGY-TRACES,,,,,,
LB0142.cc,NO-BUGGY-TRACES,,,,,,
S+PPO545.cc,NO-BUGGY-TRACES,,,,,,
DETOUR0664.cc,0,0,2.8733333333333335,0,0.0033333333333333335,2.8800000000000003,NO-BUGGY-TRACES,,,,,,
LB+isync+addr.cc,0,0,2.8666666666666667,0,0.0033333333333333335,2.8733333333333335,NO-BUGGY-TRACES,,,,,,
MOREDETOUR0845.cc,0,0,2.866666666666667,0,0.006666666666666667,2.8733333333333335,NO-BUGGY-TRACES,,,,,,
MP+PPO076.cc,NO-BUGGY-TRACES,,,,,,
DETOUR1273.cc,Fensying TO (15),,,,,,
DETOUR0675.cc,NO-BUGGY-TRACES,,,,,,
MOREDETOUR0465.cc,0,0,2.9133333333333336,0,0.0033333333333333335,2.9166666666666665,NO-BUGGY-TRACES,,,,,,
Z6.0+lwsync+eieio+po.cc,3,0,2.89,0.07666666666666667,51.20000000000001,54.166666666666664,3,0,5.766666666666667,0.07333333333333335,51.086666666666666,56.919999999999995,3,0,5.743333333333333,0.07,50.673333333333325,56.48666666666667
DETOUR0311.cc,0,0,2.856666666666667,0,0.0033333333333333335,2.8633333333333333,NO-BUGGY-TRACES,,,,,,
safe415.cc,0,0,2.9200000000000004,0,0.006666666666666667,2.926666666666667,NO-BUGGY-TRACES,,,,,,
bclwdww024.cc,0,0,2.8833333333333333,0,0.0033333333333333335,2.8866666666666667,NO-BUGGY-TRACES,,,,,,
LB+PPO0235.cc,0,0,2.8466666666666662,0,0.0033333333333333335,2.853333333333333,NO-BUGGY-TRACES,,,,,,
MP+PPO688.cc,0,0,2.8633333333333333,0,0.0033333333333333335,2.8699999999999997,NO-BUGGY-TRACES,,,,,,
safe181.cc,0,0,2.8800000000000003,0,0.006666666666666667,2.8833333333333333,NO-BUGGY-TRACES,,,,,,
DETOUR1287.cc,2,0,2.8699999999999997,0.4266666666666667,1.42,4.713333333333334,2,0,5.743333333333333,0.4066666666666667,1.3033333333333335,7.46,2,0,5.706666666666667,0.42333333333333334,1.2433333333333334,7.373333333333334
wrcv0.cc,NO-BUGGY-TRACES,,,,,,
Z6.4+eieio+lwsync+eieio.cc,0,0,2.8800000000000003,0,0.006666666666666667,2.89,NO-BUGGY-TRACES,,,,,,
Z6.5+eieio+sync+eieio.cc,NO-BUGGY-TRACES,,,,,,
DETOUR1006.cc,2,0,2.853333333333333,8.993333333333334,242.21666666666667,254.06000000000003,2,0,5.716666666666666,8.963333333333333,248.15,262.83,2,0,5.733333333333333,8.986666666666666,253.97000000000003,268.69
Z6.2+sync+addr+lwsync.cc,0,0,2.8533333333333335,0,0.006666666666666667,2.8633333333333333,NO-BUGGY-TRACES,,,,,,
bb8.cc,NO-BUGGY-TRACES,,,,,,
MP+PPO572.cc,0,0,2.8833333333333333,0,0.0033333333333333335,2.8866666666666667,NO-BUGGY-TRACES,,,,,,
safe209.cc,0,0,2.936666666666667,0,0.0033333333333333335,2.94,NO-BUGGY-TRACES,,,,,,
safe236.cc,NO-BUGGY-TRACES,,,,,,
S+PPO898.cc,0,0,2.8633333333333333,0,0.0033333333333333335,2.866666666666667,NO-BUGGY-TRACES,,,,,,
DETOUR1204.cc,0,0,2.856666666666667,0,0.0033333333333333335,2.8633333333333333,NO-BUGGY-TRACES,,,,,,
MP+PPO899.cc,NO-BUGGY-TRACES,,,,,,
Z6.0+lwsync+lwsync+sync.cc,0,0,2.89,0,0.0033333333333333335,2.9,NO-BUGGY-TRACES,,,,,,
Z6.3+lwsync+eieio+lwsync.cc,NO-BUGGY-TRACES,,,,,,
MP+PPO442.cc,0,0,2.8633333333333333,0,0.0033333333333333335,2.8699999999999997,NO-BUGGY-TRACES,,,,,,
n2l.cc,0,0,2.89,0,0.006666666666666667,2.8966666666666665,NO-BUGGY-TRACES,,,,,,
MP+PPO691.cc,NO-BUGGY-TRACES,,,,,,
LB+PPO0020.cc,0,0,2.8433333333333333,0,0.0033333333333333335,2.85,NO-BUGGY-TRACES,,,,,,
R0067.cc,2,0,2.8366666666666664,0.23,1.4799999999999998,4.546666666666667,2,0,5.72,0.22333333333333336,1.28,7.223333333333333,2,0,5.723333333333334,0.22,1.2,7.140000000000001
ISA2+sync+sync+addr.cc,NO-BUGGY-TRACES,,,,,,
MP+PPO629.cc,NO-BUGGY-TRACES,,,,,,
WRW+WR+eieio+po.cc,ABORT,,2.866666666666667,,1.4933333333333334,4.359999999999999,ABORT,,2.8800000000000003,,1.49,4.37,ABORT,,2.893333333333333,,1.4799999999999998,4.38
LB0114.cc,0,0,2.85,0,0.0033333333333333335,2.856666666666667,NO-BUGGY-TRACES,,,,,,
MP+PPO946.cc,NO-BUGGY-TRACES,,,,,,
Z6.2+lwsync+sync+lwsync.cc,NO-BUGGY-TRACES,,,,,,
DETOUR0570.cc,2,0,2.8766666666666665,0.4166666666666667,113.22666666666667,116.52333333333333,2,0,5.743333333333333,0.43,113.67,119.84666666666668,2,0,5.736666666666667,0.41,112.81,118.95666666666666
MOREDETOUR0906.cc,Fensying TO (15),,,,,,
MP0081.cc,0,0,2.853333333333333,0,0.006666666666666667,2.8633333333333333,NO-BUGGY-TRACES,,,,,,
WRW+2W+sync+rfi-data.cc,ABORT,,2.8699999999999997,,57.20333333333334,60.07333333333333,ABORT,,2.8699999999999997,,57.076666666666675,59.946666666666665,ABORT,,2.86,,56.836666666666666,59.696666666666665
LB+PPO0272.cc,0,0,2.8766666666666665,0,0.006666666666666667,2.8833333333333333,NO-BUGGY-TRACES,,,,,,
S+PPO005.cc,NO-BUGGY-TRACES,,,,,,
MOREDETOUR0245.cc,0,0,2.8833333333333333,0,0.01,2.9,NO-BUGGY-TRACES,,,,,,
R+eieios.cc,NO-BUGGY-TRACES,,,,,,
MP+PPO522.cc,0,0,2.86,0,0.006666666666666667,2.8666666666666667,NO-BUGGY-TRACES,,,,,,
W+RR+WW+RW+RR+WR+sync+lwsync+sync+lwsync+sync.cc,0,0,3.6833333333333336,0,0.0033333333333333335,3.686666666666667,NO-BUGGY-TRACES,,,,,,
MOREDETOUR0485.cc,NO-BUGGY-TRACES,,,,,,
MP+PPO835.cc,NO-BUGGY-TRACES,,,,,,
PPO009.cc,NO-BUGGY-TRACES,,,,,,
S0141.cc,0,0,2.8533333333333335,0,0.01,2.86,NO-BUGGY-TRACES,,,,,,
DETOUR1095.cc,0,0,2.85,0,0.0033333333333333335,2.856666666666667,NO-BUGGY-TRACES,,,,,,
MP0015.cc,NO-BUGGY-TRACES,,,,,,
safe557.cc,0,0,2.9133333333333336,0,0.0033333333333333335,2.92,NO-BUGGY-TRACES,,,,,,
MP0178.cc,NO-BUGGY-TRACES,,,,,,
LB+eieio+sync.cc,NO-BUGGY-TRACES,,,,,,
ISA2+lwsync+po+po.cc,0,0,2.84,0,0.0033333333333333335,2.8466666666666662,NO-BUGGY-TRACES,,,,,,
LB0077.cc,0,0,2.8499999999999996,0,0.006666666666666667,2.8533333333333335,NO-BUGGY-TRACES,,,,,,
MP+PPO102.cc,NO-BUGGY-TRACES,,,,,,
CO-SBI.cc,0,0,2.8699999999999997,0,0.0033333333333333335,2.876666666666667,NO-BUGGY-TRACES,,,,,,
IRIW+sync+po.cc,ABORT,,2.9066666666666663,,107.48333333333333,110.39,ABORT,,2.9033333333333338,,106.46333333333332,109.36666666666667,ABORT,,2.89,,106.37,109.26333333333332
safe164.cc,0,0,2.9299999999999997,0,0.006666666666666667,2.936666666666667,NO-BUGGY-TRACES,,,,,,
S+PPO190.cc,0,0,2.85,0,0.006666666666666667,2.8533333333333335,NO-BUGGY-TRACES,,,,,,
DETOUR1240.cc,2,0,2.893333333333333,0.23,28.939999999999998,32.06333333333333,2,0,5.739999999999999,0.23,28.363333333333333,34.336666666666666,2,0,5.75,0.2333333333333333,28.186666666666667,34.169999999999995
m5dl.cc,Fensying TO (15),,,,,,
S+PPO515.cc,NO-BUGGY-TRACES,,,,,,
MP+PPO245.cc,0,0,2.8433333333333333,0,0.0033333333333333335,2.8533333333333335,NO-BUGGY-TRACES,,,,,,
safe189.cc,NO-BUGGY-TRACES,,,,,,
DETOUR0533.cc,0,0,2.8633333333333333,0,0.0033333333333333335,2.8666666666666667,NO-BUGGY-TRACES,,,,,,
WRW+2W+addr+eieio.cc,ABORT,,2.8766666666666665,,0.8966666666666666,3.776666666666667,ABORT,,2.8666666666666667,,0.9,3.766666666666667,ABORT,,2.8533333333333335,,0.8933333333333334,3.74
MOREDETOUR0003.cc,0,0,2.8633333333333333,0,0.006666666666666667,2.8733333333333335,NO-BUGGY-TRACES,,,,,,
MOREDETOUR0334.cc,NO-BUGGY-TRACES,,,,,,
DETOUR1016.cc,2,0,2.883333333333333,0.04,1.1266666666666667,4.046666666666667,2,0,5.773333333333333,0.04,1.16,6.97,2,0,5.673333333333333,0.04,1.1666666666666665,6.876666666666666
DETOUR1183.cc,NO-BUGGY-TRACES,,,,,,
safe492.cc,NO-BUGGY-TRACES,,,,,,
DETOUR0940.cc,2,0,2.8666666666666667,0.23,4.47,7.57,2,0,5.739999999999999,0.21333333333333335,4.416666666666667,10.373333333333335,2,0,5.713333333333334,0.20666666666666667,4.386666666666668,10.31
safe134.cc,NO-BUGGY-TRACES,,,,,,
DETOUR1135.cc,NO-BUGGY-TRACES,,,,,,
DETOUR0345.cc,0,0,2.8766666666666665,0,0.006666666666666667,2.8833333333333333,NO-BUGGY-TRACES,,,,,,
DETOUR1042.cc,2,0,2.8866666666666667,0.42,1.6466666666666665,4.96,2,0,5.68,0.4166666666666667,1.9733333333333334,8.07,2,0,5.73,0.41,1.7833333333333332,7.926666666666667
posrr003.cc,NO-BUGGY-TRACES,,,,,,
safe074.cc,NO-BUGGY-TRACES,,,,,,
podrwposwr035.cc,NO-BUGGY-TRACES,,,,,,
MOREDETOUR0179.cc,NO-BUGGY-TRACES,,,,,,
MP+PPO339.cc,NO-BUGGY-TRACES,,,,,,
MOREDETOUR0332.cc,NO-BUGGY-TRACES,,,,,,
Z6.0+eieio+po+eieio.cc,NO-BUGGY-TRACES,,,,,,
LB+PPO0124.cc,0,0,2.8633333333333333,0,0.006666666666666667,2.8766666666666665,NO-BUGGY-TRACES,,,,,,
MP+sync+addr-bigdetour2sync-addr.cc,0,0,2.89,0,0.006666666666666667,2.8966666666666665,NO-BUGGY-TRACES,,,,,,
WW+RW+RR+WR+lwsync+lwsync+addr+sync.cc,0,0,2.876666666666667,0,0.01,2.8866666666666667,NO-BUGGY-TRACES,,,,,,
S+PPO241.cc,0,0,2.876666666666667,0,0.0033333333333333335,2.8800000000000003,NO-BUGGY-TRACES,,,,,,
Z6.0+po+po+eieio.cc,3,0,2.9166666666666665,0.023333333333333334,4.526666666666666,7.47,3,0,5.756666666666667,0.023333333333333334,4.586666666666667,10.366666666666665,3,0,5.756666666666667,0.016666666666666666,4.550000000000001,10.33
podrwposwr028.cc,0,0,2.8833333333333333,0,0.006666666666666667,2.8866666666666667,NO-BUGGY-TRACES,,,,,,
ISA2+sync+ctrlisync+addr.cc,0,0,2.8966666666666665,0,0.0033333333333333335,2.9,NO-BUGGY-TRACES,,,,,,
DETOUR1134.cc,0,0,2.8800000000000003,0,0.0033333333333333335,2.8833333333333333,NO-BUGGY-TRACES,,,,,,
LB+PPO0229.cc,NO-BUGGY-TRACES,,,,,,
MP+PPO588.cc,0,0,2.8666666666666667,0,0.0033333333333333335,2.876666666666667,NO-BUGGY-TRACES,,,,,,
LB+PPO0267.cc,NO-BUGGY-TRACES,,,,,,
MP+PPO884.cc,NO-BUGGY-TRACES,,,,,,
S+PPO380.cc,NO-BUGGY-TRACES,,,,,,
MP+PPO554.cc,NO-BUGGY-TRACES,,,,,,
Z6.2+po+eieio+eieio.cc,NO-BUGGY-TRACES,,,,,,
DETOUR0721.cc,0,0,2.8533333333333335,0,0.0033333333333333335,2.8633333333333333,NO-BUGGY-TRACES,,,,,,
Z6.1+rfi-data+sync+lwsync.cc,3,0,2.8699999999999997,1.2733333333333332,391.47333333333336,395.6133333333334,3,0,5.71,1.3366666666666667,390.7466666666666,397.7933333333333,3,0,5.78,1.3933333333333333,399.42,406.5933333333333
ISA2+sync+lwsync+addr.cc,NO-BUGGY-TRACES,,,,,,
DETOUR1115.cc,NO-BUGGY-TRACES,,,,,,
DETOUR0602.cc,2,0,2.876666666666667,0.41,233.52333333333334,236.80999999999997,2,0,5.71,0.43333333333333335,231.91,238.0533333333333,2,0,5.773333333333333,0.42333333333333334,233.97333333333333,240.17333333333332
S0158.cc,0,0,2.8633333333333333,0,0.01,2.8733333333333335,NO-BUGGY-TRACES,,,,,,
S+PPO066.cc,0,0,2.89,0,0.01,2.8966666666666665,NO-BUGGY-TRACES,,,,,,
S+PPO759.cc,0,0,2.866666666666667,0,0.01,2.8800000000000003,NO-BUGGY-TRACES,,,,,,
MP+PPO104.cc,0,0,2.856666666666667,0,0.006666666666666667,2.8633333333333333,NO-BUGGY-TRACES,,,,,,
3.SB+eieio+eieio+lwsync.cc,0,0,2.893333333333333,0,0.01,2.9066666666666667,NO-BUGGY-TRACES,,,,,,
W+RWC+lwsync+sync+rfi-addr.cc,Fensying TO (15),,,,,,
DETOUR1336.cc,Fensying TO (15),,,,,,
DETOUR0878.cc,2,0,2.9033333333333338,0.40666666666666673,224.09333333333333,227.40666666666667,2,0,5.743333333333333,0.4166666666666667,221.76,227.92,2,0,5.726666666666667,0.42,219.15333333333334,225.30000000000004
3.LB+sync+sync+po.cc,0,0,2.8633333333333333,0,0.01,2.8800000000000003,NO-BUGGY-TRACES,,,,,,
WRC+ctrlisync+isync.cc,0,0,2.873333333333333,0,0.01,2.8866666666666667,NO-BUGGY-TRACES,,,,,,
MP+PPO326.cc,0,0,2.866666666666667,0,0.01,2.8733333333333335,NO-BUGGY-TRACES,,,,,,
IRIW+lwsync+ctrl.cc,ABORT,,2.8866666666666667,,107.21333333333332,110.09999999999998,ABORT,,2.8866666666666667,,106.57666666666667,109.46333333333332,ABORT,,2.89,,107.06666666666666,109.96
MP+PPO090.cc,0,0,2.8833333333333333,0,0.006666666666666667,2.893333333333333,NO-BUGGY-TRACES,,,,,,
R0094.cc,2,0,2.89,0.04,0.4433333333333333,3.3733333333333335,2,0,5.753333333333333,0.04,0.45333333333333337,6.246666666666667,2,0,5.75,0.04,0.42333333333333334,6.213333333333334
safe233.cc,0,0,2.8633333333333333,0,0.01,2.8733333333333335,NO-BUGGY-TRACES,,,,,,
2+2W0040.cc,2,0,2.8499999999999996,0.2333333333333333,0.7833333333333333,3.8666666666666667,2,0,5.756666666666667,0.2333333333333333,0.8500000000000001,6.84,2,0,5.723333333333334,0.23,0.8799999999999999,6.833333333333333
LB+PPO0357.cc,0,0,2.8533333333333335,0,0.01,2.8666666666666667,NO-BUGGY-TRACES,,,,,,
MP+PPO754.cc,0,0,2.86,0,0.01,2.873333333333333,NO-BUGGY-TRACES,,,,,,
podrr010.cc,0,0,2.9000000000000004,0,0.006666666666666667,2.9166666666666665,NO-BUGGY-TRACES,,,,,,
LB0033.cc,NO-BUGGY-TRACES,,,,,,
safe126.cc,NO-BUGGY-TRACES,,,,,,
3.2W+lwsync+eieio+po.cc,3,0,2.8633333333333333,0.06666666666666667,1.6000000000000003,4.53,3,0,5.753333333333334,0.07333333333333335,1.6500000000000001,7.48,3,0,5.726666666666667,0.07,1.6066666666666667,7.400000000000001
DETOUR1304.cc,2,0,2.8633333333333333,0.23,4.026666666666666,7.12,2,0,5.723333333333334,0.23,4.2,10.153333333333334,2,0,5.72,0.22333333333333336,4.17,10.113333333333333
MOREDETOUR0696.cc,0,0,2.8833333333333333,0,0.01,2.893333333333333,NO-BUGGY-TRACES,,,,,,
safe211.cc,NO-BUGGY-TRACES,,,,,,
MP+PPO829.cc,NO-BUGGY-TRACES,,,,,,
2+2W0031.cc,2,0,2.873333333333333,0.22666666666666668,0.9433333333333334,4.046666666666667,2,0,5.739999999999999,0.22666666666666668,0.8933333333333334,6.863333333333333,2,0,5.753333333333333,0.2333333333333333,0.81,6.793333333333334
DETOUR0090.cc,NO-BUGGY-TRACES,,,,,,
LB+PPO0300.cc,NO-BUGGY-TRACES,,,,,,
Z6.2+lwsync+sync+addr.cc,0,0,2.856666666666667,0,0.006666666666666667,2.8633333333333333,NO-BUGGY-TRACES,,,,,,
S0105.cc,0,0,2.853333333333333,0,0.006666666666666667,2.866666666666667,NO-BUGGY-TRACES,,,,,,
MOREDETOUR0298.cc,0,0,2.896666666666667,0,0.01,2.9066666666666663,NO-BUGGY-TRACES,,,,,,
LB+PPO0076.cc,0,0,2.856666666666667,0,0.01,2.8666666666666667,NO-BUGGY-TRACES,,,,,,
LB+PPO0142.cc,NO-BUGGY-TRACES,,,,,,
podrr004.cc,0,0,2.876666666666667,0,0.01,2.89,NO-BUGGY-TRACES,,,,,,
SB0065.cc,2,0,2.8733333333333335,0.2333333333333333,2.86,5.963333333333334,2,0,5.753333333333333,0.2333333333333333,2.7466666666666666,8.733333333333334,2,0,5.7299999999999995,0.23,2.606666666666667,8.563333333333333
safe127.cc,NO-BUGGY-TRACES,,,,,,
safe306.cc,0,0,2.8699999999999997,0,0.01,2.8766666666666665,NO-BUGGY-TRACES,,,,,,
Z6.0+po+lwsync+eieio.cc,0,0,2.8433333333333333,0,0.01,2.856666666666667,NO-BUGGY-TRACES,,,,,,
S+PPO888.cc,0,0,2.856666666666667,0,0.01,2.866666666666667,NO-BUGGY-TRACES,,,,,,
CO-S+sync+po.cc,0,0,2.856666666666667,0,0.006666666666666667,2.8666666666666667,NO-BUGGY-TRACES,,,,,,
safe032.cc,NO-BUGGY-TRACES,,,,,,
MP0066.cc,0,0,2.856666666666667,0,0.006666666666666667,2.8633333333333333,NO-BUGGY-TRACES,,,,,,
safe056.cc,NO-BUGGY-TRACES,,,,,,
S+PPO719.cc,0,0,2.8699999999999997,0,0.01,2.883333333333333,NO-BUGGY-TRACES,,,,,,
MP0001.cc,0,0,2.86,0,0.01,2.873333333333333,NO-BUGGY-TRACES,,,,,,
DETOUR0848.cc,0,0,2.8433333333333337,0,0.0033333333333333335,2.8466666666666662,NO-BUGGY-TRACES,,,,,,
MP0121.cc,NO-BUGGY-TRACES,,,,,,
MP+PPO651.cc,0,0,2.8200000000000003,0,0.01,2.8333333333333335,NO-BUGGY-TRACES,,,,,,
2+2W+syncs.cc,0,0,2.853333333333333,0,0.01,2.8633333333333333,NO-BUGGY-TRACES,,,,,,
DETOUR0217.cc,NO-BUGGY-TRACES,,,,,,
Z6.2+eieio+addr+lwsync.cc,NO-BUGGY-TRACES,,,,,,
safe343.cc,NO-BUGGY-TRACES,,,,,,
LB+PPO0487.cc,0,0,2.856666666666667,0,0.01,2.8633333333333333,NO-BUGGY-TRACES,,,,,,
WW+RW+RW+RR+WW+WR+lwsync+lwsync+sync+lwsync+sync+sync.cc,0,0,6.390000000000001,0,0.006666666666666667,6.396666666666666,NO-BUGGY-TRACES,,,,,,
MOREDETOUR0608.cc,2,0,2.8800000000000003,0.2333333333333333,31.53333333333333,34.64333333333334,2,0,5.72,0.23,31.436666666666667,37.39000000000001,2,0,5.723333333333333,0.2333333333333333,31.92,37.88333333333333
LB+PPO0527.cc,NO-BUGGY-TRACES,,,,,,
MP+PPO907.cc,NO-BUGGY-TRACES,,,,,,
MOREDETOUR0260.cc,NO-BUGGY-TRACES,,,,,,
S+PPO631.cc,0,0,2.8699999999999997,0,0.01,2.8833333333333333,NO-BUGGY-TRACES,,,,,,
DETOUR0579.cc,2,0,2.8800000000000003,0.41333333333333333,43.46,46.75333333333333,2,0,5.739999999999999,0.43,43.173333333333325,49.336666666666666,2,0,5.760000000000001,0.4266666666666667,42.866666666666674,49.053333333333335
DETOUR0978.cc,Fensying TO (15),,,,,,
S+PPO082.cc,0,0,2.8733333333333335,0,0.006666666666666667,2.8833333333333333,NO-BUGGY-TRACES,,,,,,
W+RWC+lwsync+sync+po.cc,3,0,2.8766666666666665,0.06666666666666667,439.2966666666667,442.24,3,0,5.7299999999999995,0.07,444.07,449.87000000000006,3,0,5.710000000000001,0.07,448.15000000000003,453.93333333333334
MOREDETOUR0294.cc,0,0,2.8866666666666667,0,0.01,2.9,NO-BUGGY-TRACES,,,,,,
DETOUR0228.cc,0,0,2.8633333333333333,0,0.01,2.8733333333333335,NO-BUGGY-TRACES,,,,,,
IRRWIW+eieio+sync.cc,0,0,2.883333333333333,0,0.006666666666666667,2.89,NO-BUGGY-TRACES,,,,,,
LB+PPO0183.cc,0,0,2.8699999999999997,0,0.006666666666666667,2.8800000000000003,NO-BUGGY-TRACES,,,,,,
MOREDETOUR0300.cc,NO-BUGGY-TRACES,,,,,,
DETOUR1031.cc,2,0,2.8766666666666665,0.22999999999999998,33.343333333333334,36.45666666666667,2,0,5.723333333333333,0.23,32.69,38.64333333333334,2,0,5.753333333333334,0.23,33.053333333333335,39.03666666666667
WWC+addr+po.cc,NO-BUGGY-TRACES,,,,,,
MOREDETOUR0953.cc,0,0,2.8733333333333335,0,0.01,2.8833333333333333,NO-BUGGY-TRACES,,,,,,
MP+PPO345.cc,NO-BUGGY-TRACES,,,,,,
RSDWI.cc,0,0,2.89,0,0.01,2.9033333333333338,NO-BUGGY-TRACES,,,,,,
DETOUR0844.cc,Fensying TO (15),,,,,,
S+PPO283.cc,NO-BUGGY-TRACES,,,,,,
Z6.2+eieio+sync+eieio.cc,0,0,2.86,0,0.01,2.873333333333333,NO-BUGGY-TRACES,,,,,,
LB0080.cc,0,0,2.8333333333333335,0,0.01,2.8433333333333333,NO-BUGGY-TRACES,,,,,,
S+PPO524.cc,0,0,2.8633333333333333,0,0.01,2.8733333333333335,NO-BUGGY-TRACES,,,,,,
Z6.4+eieio+eieio+lwsync.cc,NO-BUGGY-TRACES,,,,,,
LB+PPO0171.cc,0,0,2.86,0,0.01,2.8699999999999997,NO-BUGGY-TRACES,,,,,,
MP+sync+lwsync.cc,0,0,2.8533333333333335,0,0.01,2.8666666666666667,NO-BUGGY-TRACES,,,,,,
MOREDETOUR0605.cc,Fensying TO (15),,,,,,
WW+RW+RR+WR+lwsync+po+lwsync+sync.cc,NO-BUGGY-TRACES,,,,,,
DETOUR0930.cc,Fensying TO (15),,,,,,
SB+sync+rfi-addr.cc,2,0,2.893333333333333,0.04,18.249999999999996,21.18,2,0,5.756666666666667,0.04,18.253333333333334,24.05,2,0,5.72,0.04,18.096666666666668,23.849999999999998
DETOUR0507.cc,NO-BUGGY-TRACES,,,,,,
m2.cc,2,0,2.8800000000000003,0.016666666666666666,0.30000000000000004,3.1999999999999997,2,0,5.736666666666667,0.02,0.07666666666666667,5.833333333333333,2,0,5.696666666666666,0.02,0.1366666666666667,5.853333333333334
S+PPO416.cc,0,0,2.8766666666666665,0,0.01,2.89,NO-BUGGY-TRACES,,,,,,
MP+PPO831.cc,0,0,2.8800000000000003,0,0.01,2.893333333333333,NO-BUGGY-TRACES,,,,,,
ISA2+rfi-data+data+addr.cc,0,0,2.8633333333333333,0,0.01,2.8733333333333335,NO-BUGGY-TRACES,,,,,,
MOREDETOUR0635.cc,Fensying TO (15),,,,,,
S+PPO419.cc,NO-BUGGY-TRACES,,,,,,
Z6.0+sync+lwsync+sync.cc,0,0,2.8700000000000006,0,0.01,2.876666666666667,NO-BUGGY-TRACES,,,,,,
ISA2+lwsync+data+sync.cc,NO-BUGGY-TRACES,,,,,,
MOREDETOUR0262.cc,0,0,2.8866666666666667,0,0.01,2.8966666666666665,NO-BUGGY-TRACES,,,,,,
safe430.cc,0,0,2.97,0,0.01,2.983333333333334,NO-BUGGY-TRACES,,,,,,
safe346.cc,0,0,2.9,0,0.01,2.91,NO-BUGGY-TRACES,,,,,,
S+PPO643.cc,NO-BUGGY-TRACES,,,,,,
IRIW+eieio+sync.cc,0,0,2.8733333333333335,0,0.01,2.8866666666666667,NO-BUGGY-TRACES,,,,,,
MOREDETOUR0414.cc,2,0,2.8633333333333333,0.2333333333333333,254.62333333333333,257.72333333333336,2,0,5.746666666666666,0.2333333333333333,252.88333333333335,258.86333333333334,2,0,5.73,0.22666666666666666,254.72666666666666,260.68
Z6.5+po+po+eieio.cc,3,0,2.8766666666666665,0.02666666666666667,1.78,4.676666666666667,3,0,5.726666666666667,0.023333333333333334,1.8200000000000003,7.57,3,0,5.743333333333333,0.02,1.8033333333333335,7.573333333333333
MOREDETOUR0585.cc,Fensying TO (15),,,,,,
S+PPO463.cc,NO-BUGGY-TRACES,,,,,,
MP+PPO965.cc,NO-BUGGY-TRACES,,,,,,
Z6.0+po+sync+lwsync.cc,NO-BUGGY-TRACES,,,,,,
S+sync+data.cc,0,0,2.8366666666666664,0,0.01,2.85,NO-BUGGY-TRACES,,,,,,
LB+PPO0131.cc,NO-BUGGY-TRACES,,,,,,
MOREDETOUR0429.cc,2,0,2.9033333333333338,0.48,88.88999999999999,92.27333333333333,2,0,5.783333333333334,0.43333333333333335,44.406666666666666,50.623333333333335,2,0,5.8,0.48333333333333334,86.37,92.65333333333335
safe327.cc,0,0,2.893333333333333,0,0.01,2.9033333333333338,NO-BUGGY-TRACES,,,,,,
ISA2+sync+sync+addr-fri-rfi-addr.cc,0,0,2.8666666666666667,0,0.01,2.8799999999999994,NO-BUGGY-TRACES,,,,,,
2+2W0001.cc,2,0,2.873333333333333,0.23666666666666666,0.9633333333333334,4.076666666666667,2,0,5.706666666666667,0.22,0.88,6.796666666666667,2,0,5.746666666666667,0.22,0.8799999999999999,6.846666666666667
DETOUR0600.cc,Fensying TO (15),,,,,,
S0167.cc,0,0,2.8666666666666667,0,0.006666666666666667,2.8766666666666665,NO-BUGGY-TRACES,,,,,,
MP+PPO796.cc,0,0,2.8433333333333333,0,0.01,2.853333333333333,NO-BUGGY-TRACES,,,,,,
SB0000.cc,2,0,2.9033333333333338,0.04,0.7366666666666667,3.6799999999999997,2,0,5.756666666666667,0.04,0.7333333333333334,6.526666666666666,2,0,5.71,0.03666666666666667,0.7600000000000001,6.503333333333334
DETOUR0049.cc,NO-BUGGY-TRACES,,,,,,
LB+PPO0198.cc,NO-BUGGY-TRACES,,,,,,
S+PPO557.cc,0,0,2.8666666666666667,0,0.01,2.8800000000000003,NO-BUGGY-TRACES,,,,,,
MOREDETOUR0701.cc,0,0,2.9000000000000004,0,0.01,2.9066666666666667,NO-BUGGY-TRACES,,,,,,
LB0017.cc,0,0,2.853333333333333,0,0.01,2.8633333333333333,NO-BUGGY-TRACES,,,,,,
DETOUR1088.cc,0,0,2.86,0,0.006666666666666667,2.8699999999999997,NO-BUGGY-TRACES,,,,,,
ISA2+sync+addr+addr-fri-rfi-addr.cc,0,0,2.86,0,0.01,2.8699999999999997,NO-BUGGY-TRACES,,,,,,
DETOUR0635.cc,Fensying TO (15),,,,,,
MP+PPO950.cc,NO-BUGGY-TRACES,,,,,,
S+PPO518.cc,0,0,2.866666666666667,0,0.01,2.8800000000000003,NO-BUGGY-TRACES,,,,,,
safe469.cc,NO-BUGGY-TRACES,,,,,,
LB+PPO0259.cc,NO-BUGGY-TRACES,,,,,,
W+RWC+po+addr+lwsync.cc,3,0,2.883333333333333,0.02666666666666667,7.076666666666667,9.99,3,0,5.733333333333334,0.023333333333333334,7.1000000000000005,12.86,3,0,5.75,0.02666666666666667,7.073333333333333,12.846666666666666
MP+PPO120.cc,NO-BUGGY-TRACES,,,,,,
DETOUR0614.cc,2,0,2.9233333333333333,0.23,337.81333333333333,340.9666666666667,2,0,5.766666666666666,0.23666666666666666,332.83,338.8333333333333,2,0,5.773333333333333,0.23,331.3633333333333,337.3633333333333
DETOUR0561.cc,2,0,2.8766666666666665,0.2333333333333333,128.52333333333334,131.63666666666668,2,0,5.736666666666667,0.23666666666666666,127.88333333333334,133.85666666666665,2,0,5.69,0.22999999999999998,125.97333333333334,131.88666666666666
DETOUR1235.cc,2,0,2.893333333333333,0.23,48.85333333333333,51.97666666666667,2,0,5.73,0.2333333333333333,49.053333333333335,55.01666666666666,2,0,5.713333333333334,0.23,48.52666666666667,54.47333333333333
W+RWC+lwsync+po+sync.cc,0,0,2.89,0,0.01,2.9066666666666667,NO-BUGGY-TRACES,,,,,,
MOREDETOUR0383.cc,0,0,3.0533333333333332,0,0.01,3.0666666666666664,NO-BUGGY-TRACES,,,,,,
MP+PPO018.cc,0,0,2.8833333333333333,0,0.01,2.893333333333333,NO-BUGGY-TRACES,,,,,,
MP+sync+addr-fri-rfi-addr.cc,0,0,2.856666666666667,0,0.01,2.873333333333333,NO-BUGGY-TRACES,,,,,,
Z6.1+lwsync+po+lwsync.cc,0,0,2.8733333333333335,0,0.01,2.8866666666666667,NO-BUGGY-TRACES,,,,,,
IRRWIW+sync+addr.cc,ABORT,,2.8633333333333333,,87.75666666666666,90.62,ABORT,,2.8733333333333335,,87.3,90.17333333333333,ABORT,,2.8833333333333333,,86.64999999999999,89.53333333333335
safe529.cc,0,0,2.9033333333333338,0,0.01,2.9166666666666665,NO-BUGGY-TRACES,,,,,,
DETOUR0166.cc,0,0,2.85,0,0.01,2.8633333333333333,NO-BUGGY-TRACES,,,,,,
LB+PPO0502.cc,0,0,2.8866666666666667,0,0.01,2.8966666666666665,NO-BUGGY-TRACES,,,,,,
MP0150.cc,NO-BUGGY-TRACES,,,,,,
MP+PPO199.cc,NO-BUGGY-TRACES,,,,,,
S+PPO089.cc,0,0,2.8466666666666662,0,0.006666666666666667,2.853333333333333,NO-BUGGY-TRACES,,,,,,
LB+lwsync+isync.cc,NO-BUGGY-TRACES,,,,,,
ppc-cookbook6.5-amd6-cpp.iriw.nofence.cc,ABORT,,2.89,,22.96666666666667,25.86,ABORT,,2.8866666666666667,,22.683333333333334,25.570000000000004,ABORT,,2.9066666666666663,,22.603333333333335,25.513333333333335
WRC+data+sync.cc,NO-BUGGY-TRACES,,,,,,
safe165.cc,NO-BUGGY-TRACES,,,,,,
safe044.cc,0,0,2.92,0,0.01,2.9266666666666663,NO-BUGGY-TRACES,,,,,,
DETOUR1032.cc,2,0,2.91,0.23666666666666666,6.533333333333334,9.68,2,0,5.726666666666667,0.22666666666666666,6.656666666666666,12.61,2,0,5.73,0.23,6.453333333333333,12.416666666666666
MOREDETOUR0336.cc,0,0,2.8533333333333335,0,0.01,2.8633333333333333,NO-BUGGY-TRACES,,,,,,
MOREDETOUR0313.cc,NO-BUGGY-TRACES,,,,,,
S+PPO677.cc,0,0,2.8499999999999996,0,0.01,2.8633333333333333,NO-BUGGY-TRACES,,,,,,
j1.cc,0,0,2.893333333333333,0,0.01,2.9033333333333338,NO-BUGGY-TRACES,,,,,,
DETOUR1021.cc,Fensying TO (15),,,,,,
MOREDETOUR0691.cc,NO-BUGGY-TRACES,,,,,,
DETOUR0676.cc,0,0,2.8666666666666667,0,0.006666666666666667,2.8766666666666665,NO-BUGGY-TRACES,,,,,,
MOREDETOUR0477.cc,NO-BUGGY-TRACES,,,,,,
DETOUR0225.cc,0,0,2.8699999999999997,0,0.01,2.8800000000000003,NO-BUGGY-TRACES,,,,,,
DETOUR0378.cc,NO-BUGGY-TRACES,,,,,,
W+RWC+lwsync+addr+rfi-addr.cc,3,0,2.8866666666666667,0.05000000000000001,468.7633333333333,471.70000000000005,3,0,5.743333333333333,0.05000000000000001,466.6066666666666,472.3966666666667,3,0,5.75,0.05000000000000001,462.8766666666666,468.67333333333335
R03.cc,0,0,2.8699999999999997,0,0.01,2.8833333333333333,NO-BUGGY-TRACES,,,,,,
W+RWC+lwsync+po+eieio.cc,NO-BUGGY-TRACES,,,,,,
R0038.cc,2,0,2.8866666666666667,0.23,1.07,4.19,2,0,5.723333333333333,0.22666666666666668,1.1866666666666668,7.133333333333333,2,0,5.726666666666667,0.22666666666666666,1.11,7.066666666666666
Z6.2+po+lwsync+sync.cc,0,0,2.8766666666666665,0,0.01,2.8866666666666667,NO-BUGGY-TRACES,,,,,,
MOREDETOUR0564.cc,NO-BUGGY-TRACES,,,,,,
safe058.cc,NO-BUGGY-TRACES,,,,,,
ISA2+lwsync+isync+lwsync.cc,0,0,2.89,0,0.01,2.9066666666666667,NO-BUGGY-TRACES,,,,,,
DETOUR0566.cc,Fensying TO (15),,,,,,
DETOUR1139.cc,0,0,2.8833333333333333,0,0.006666666666666667,2.8866666666666667,NO-BUGGY-TRACES,,,,,,
S+PPO258.cc,0,0,2.8633333333333333,0,0.01,2.8733333333333335,NO-BUGGY-TRACES,,,,,,
S+PPO260.cc,NO-BUGGY-TRACES,,,,,,
WRC.cc,0,0,2.85,0,0.01,2.8633333333333333,NO-BUGGY-TRACES,,,,,,
MP+PPO758.cc,0,0,2.8433333333333333,0,0.01,2.8533333333333335,NO-BUGGY-TRACES,,,,,,
MP+PPO620.cc,0,0,2.8866666666666667,0,0.01,2.896666666666667,NO-BUGGY-TRACES,,,,,,
SB0008.cc,2,0,2.85,0.23,2.936666666666667,6.013333333333333,2,0,5.753333333333333,0.23,2.91,8.893333333333333,2,0,5.743333333333333,0.2333333333333333,3.15,9.13
safe401.cc,0,0,2.9433333333333334,0,0.01,2.9499999999999997,NO-BUGGY-TRACES,,,,,,
MOREDETOUR0391.cc,2,0,2.9133333333333336,0.23,42.46333333333334,45.60666666666666,2,0,5.723333333333333,0.23,41.81333333333333,47.76333333333333,2,0,5.726666666666667,0.2333333333333333,42.36333333333334,48.330000000000005
2+2W0023.cc,2,0,2.8666666666666667,0.42,1.2433333333333334,4.526666666666667,2,0,5.72,0.4166666666666667,1.1733333333333331,7.31,2,0,5.710000000000001,0.4166666666666667,1.2666666666666666,7.3933333333333335
DETOUR0794.cc,0,0,2.9000000000000004,0,0.01,2.91,NO-BUGGY-TRACES,,,,,,
MP+PPO052.cc,0,0,2.8633333333333333,0,0.006666666666666667,2.8733333333333335,NO-BUGGY-TRACES,,,,,,
S+PPO120.cc,0,0,2.8699999999999997,0,0.006666666666666667,2.8800000000000003,NO-BUGGY-TRACES,,,,,,
DETOUR0015.cc,NO-BUGGY-TRACES,,,,,,
DETOUR1236.cc,2,0,2.86,0.23,4.78,7.866666666666667,2,0,5.703333333333333,0.22666666666666668,4.783333333333334,10.713333333333333,2,0,5.7299999999999995,0.22666666666666666,4.886666666666667,10.839999999999998
m3dwsw.cc,0,0,2.856666666666667,0,0.006666666666666667,2.8633333333333333,NO-BUGGY-TRACES,,,,,,
S+PPO025.cc,0,0,2.86,0,0.01,2.8699999999999997,NO-BUGGY-TRACES,,,,,,
MP+PPO581.cc,NO-BUGGY-TRACES,,,,,,
W+RR+WW+RW+RR+sync+lwsync+sync+lwsync.cc,NO-BUGGY-TRACES,,,,,,
S+PPO148.cc,NO-BUGGY-TRACES,,,,,,
MP+PPO752.cc,NO-BUGGY-TRACES,,,,,,
S+PPO612.cc,NO-BUGGY-TRACES,,,,,,
MOREDETOUR0786.cc,NO-BUGGY-TRACES,,,,,,
ISA2+sync+isync+addr.cc,0,0,2.8699999999999997,0,0.01,2.8766666666666665,NO-BUGGY-TRACES,,,,,,
S+PPO587.cc,NO-BUGGY-TRACES,,,,,,
R0064.cc,2,0,2.8699999999999997,0.23,1.343333333333333,4.446666666666666,2,0,5.723333333333333,0.21666666666666667,1.2566666666666666,7.196666666666668,2,0,5.739999999999999,0.23,1.1,7.069999999999999
2+2W0024.cc,2,0,2.8833333333333333,0.22333333333333336,0.6599999999999999,3.766666666666667,2,0,5.696666666666666,0.22333333333333336,0.5633333333333334,6.483333333333333,2,0,5.739999999999999,0.22666666666666668,0.6466666666666666,6.616666666666666
IRIW+sync+addr.cc,ABORT,,2.9066666666666667,,106.30333333333334,109.20666666666666,ABORT,,2.8799999999999994,,107.01,109.88666666666666,ABORT,,2.8699999999999997,,107.36666666666666,110.23666666666666
MOREDETOUR0268.cc,0,0,2.873333333333333,0,0.01,2.8866666666666667,NO-BUGGY-TRACES,,,,,,
MP+PPO944.cc,0,0,2.856666666666667,0,0.01,2.8666666666666667,NO-BUGGY-TRACES,,,,,,
safe503.cc,0,0,2.8866666666666667,0,0.01,2.8966666666666665,NO-BUGGY-TRACES,,,,,,
MP0149.cc,NO-BUGGY-TRACES,,,,,,
ISA2+eieio+sync+eieio.cc,0,0,2.9033333333333338,0,0.006666666666666667,2.91,NO-BUGGY-TRACES,,,,,,
MP+PPO069.cc,0,0,2.8699999999999997,0,0.006666666666666667,2.8800000000000003,NO-BUGGY-TRACES,,,,,,
S+PPO056.cc,0,0,2.89,0,0.01,2.9033333333333338,NO-BUGGY-TRACES,,,,,,
MOREDETOUR0865.cc,0,0,3.73,0,0.01,3.74,NO-BUGGY-TRACES,,,,,,
S0033.cc,0,0,2.86,0,0.01,2.8733333333333335,NO-BUGGY-TRACES,,,,,,
LB+eieio+po.cc,0,0,2.8466666666666662,0,0.01,2.8633333333333333,NO-BUGGY-TRACES,,,,,,
LB+PPO0050.cc,NO-BUGGY-TRACES,,,,,,
safe115.cc,0,0,2.85,0,0.01,2.8633333333333333,NO-BUGGY-TRACES,,,,,,
RSW.cc,0,0,2.8833333333333333,0,0.01,2.8966666666666665,NO-BUGGY-TRACES,,,,,,
WRC+eieio+addr.cc,0,0,2.86,0,0.006666666666666667,2.876666666666667,NO-BUGGY-TRACES,,,,,,
MP+eieio+sync.cc,NO-BUGGY-TRACES,,,,,,
DETOUR0832.cc,Fensying TO (15),,,,,,
safe293.cc,NO-BUGGY-TRACES,,,,,,
MOREDETOUR0231.cc,NO-BUGGY-TRACES,,,,,,
WRC+addr+sync.cc,NO-BUGGY-TRACES,,,,,,
MOREDETOUR0724.cc,0,0,2.9066666666666667,0,0.006666666666666667,2.92,NO-BUGGY-TRACES,,,,,,
MP+PPO703.cc,0,0,2.873333333333333,0,0.01,2.8833333333333333,NO-BUGGY-TRACES,,,,,,
DETOUR1111.cc,NO-BUGGY-TRACES,,,,,,
MP+PPO967.cc,NO-BUGGY-TRACES,,,,,,
LB+PPO0107.cc,NO-BUGGY-TRACES,,,,,,
MOREDETOUR0443.cc,NO-BUGGY-TRACES,,,,,,
S+PPO445.cc,0,0,2.8699999999999997,0,0.01,2.8833333333333333,NO-BUGGY-TRACES,,,,,,
S+PPO035.cc,NO-BUGGY-TRACES,,,,,,
MOREDETOUR0529.cc,NO-BUGGY-TRACES,,,,,,
S+PPO747.cc,NO-BUGGY-TRACES,,,,,,
3.2W+sync+rfi-data+rfi-data.cc,3,0,2.926666666666667,0.8233333333333333,64.80666666666667,68.55666666666667,3,0,5.783333333333334,0.8333333333333334,63.88666666666666,70.49666666666667,3,0,5.793333333333333,0.82,64.30666666666667,70.92
S+PPO131.cc,0,0,2.876666666666667,0,0.006666666666666667,2.893333333333333,NO-BUGGY-TRACES,,,,,,
safe407.cc,0,0,2.9000000000000004,0,0.01,2.9133333333333336,NO-BUGGY-TRACES,,,,,,
DETOUR0946.cc,Fensying TO (15),,,,,,
S+PPO499.cc,NO-BUGGY-TRACES,,,,,,
MOREDETOUR0669.cc,0,0,2.9500000000000006,0,0.01,2.9633333333333334,NO-BUGGY-TRACES,,,,,,
MOREDETOUR0123.cc,0,0,2.893333333333333,0,0.01,2.9066666666666663,NO-BUGGY-TRACES,,,,,,
MP+PPO608.cc,0,0,2.853333333333333,0,0.01,2.8666666666666667,NO-BUGGY-TRACES,,,,,,
S+PPO156.cc,NO-BUGGY-TRACES,,,,,,
RWC+ctrlisync+isync.cc,0,0,2.9033333333333338,0,0.006666666666666667,2.9133333333333336,NO-BUGGY-TRACES,,,,,,
MOREDETOUR0627.cc,2,0,2.9033333333333338,0.23,9.280000000000001,12.416666666666666,2,0,5.766666666666667,0.22333333333333336,9.450000000000001,15.44,2,0,5.79,0.23666666666666666,9.393333333333333,15.42
Z6.0+eieio+addr+po.cc,3,0,2.8800000000000003,0.02,6.156666666666666,9.056666666666667,3,0,5.773333333333333,0.023333333333333334,6.186666666666667,11.986666666666666,3,0,5.753333333333333,0.02666666666666667,6.18,11.953333333333333
S+PPO901.cc,0,0,2.8699999999999997,0,0.01,2.8800000000000003,NO-BUGGY-TRACES,,,,,,
W+RWC+lwsync+sync+sync.cc,0,0,2.8866666666666667,0,0.006666666666666667,2.893333333333333,NO-BUGGY-TRACES,,,,,,
ISA2+eieio+po+ctrl.cc,0,0,2.85,0,0.006666666666666667,2.856666666666667,NO-BUGGY-TRACES,,,,,,
safe278.cc,0,0,2.9033333333333338,0,0.01,2.9133333333333336,NO-BUGGY-TRACES,,,,,,
Z6.0+eieio+po+po.cc,3,0,2.8733333333333335,0.02,6.1933333333333325,9.086666666666668,3,0,5.766666666666666,0.023333333333333334,6.240000000000001,12.026666666666666,3,0,5.786666666666666,0.02,6.243333333333333,12.050000000000002
m1s.cc,0,0,2.89,0,0.006666666666666667,2.896666666666667,NO-BUGGY-TRACES,,,,,,
Z6.2+rfi-data+data+lwsync.cc,0,0,2.9033333333333338,0,0.01,2.9166666666666665,NO-BUGGY-TRACES,,,,,,
MOREDETOUR0101.cc,0,0,2.8699999999999997,0,0.006666666666666667,2.8766666666666665,NO-BUGGY-TRACES,,,,,,
DETOUR0526.cc,Fensying TO (15),,,,,,
LB+PPO0525.cc,0,0,2.8866666666666667,0,0.006666666666666667,2.8966666666666665,NO-BUGGY-TRACES,,,,,,
MP+PPO833.cc,0,0,2.893333333333333,0,0.01,2.9033333333333338,NO-BUGGY-TRACES,,,,,,
DETOUR0074.cc,0,0,2.8766666666666665,0,0.006666666666666667,2.8866666666666667,NO-BUGGY-TRACES,,,,,,
LB+PPO0526.cc,NO-BUGGY-TRACES,,,,,,
MP+PPO393.cc,0,0,2.8766666666666665,0,0.01,2.8900000000000006,NO-BUGGY-TRACES,,,,,,
LB+PPO0126.cc,0,0,2.8866666666666667,0,0.01,2.8966666666666665,NO-BUGGY-TRACES,,,,,,
DETOUR0643.cc,NO-BUGGY-TRACES,,,,,,
MOREDETOUR0717.cc,0,0,2.8699999999999997,0,0.01,2.8800000000000003,NO-BUGGY-TRACES,,,,,,
MOREDETOUR0496.cc,NO-BUGGY-TRACES,,,,,,
LB+PPO0108.cc,NO-BUGGY-TRACES,,,,,,
DETOUR1245.cc,2,0,2.866666666666667,0.04,2.3033333333333332,5.203333333333333,2,0,5.78,0.04,2.263333333333333,8.079999999999998,2,0,5.710000000000001,0.043333333333333335,2.26,8.006666666666668
DETOUR0116.cc,NO-BUGGY-TRACES,,,,,,
MP+PPO151.cc,NO-BUGGY-TRACES,,,,,,
DETOUR0882.cc,2,0,2.85,0.2333333333333333,109.25666666666666,112.33999999999999,2,0,5.713333333333334,0.22,107.33,113.26666666666667,2,0,5.773333333333333,0.23,106.7,112.70333333333333
DETOUR0964.cc,2,0,2.89,9.026666666666666,247.6833333333333,259.61,2,0,5.763333333333333,9.006666666666666,245.01,259.78000000000003,2,0,5.793333333333333,9.0,240.73333333333335,255.5233333333333
Z6.5+lwsync+sync+po.cc,3,0,2.8766666666666665,0.06333333333333334,1.8133333333333332,4.76,3,0,5.776666666666666,0.07,1.84,7.6866666666666665,3,0,5.72,0.06333333333333334,1.8066666666666666,7.59
Z6.0+lwsync+sync+rfi-addr.cc,3,0,2.9233333333333333,1.2766666666666666,447.8533333333333,452.0533333333333,3,0,5.783333333333334,1.2533333333333334,445.5233333333333,452.5566666666667,3,0,5.776666666666667,1.2733333333333332,448.31333333333333,455.3633333333333
SB+sync+po.cc,2,0,2.8866666666666667,0.02,0.49333333333333335,3.3966666666666665,2,0,5.773333333333333,0.02,0.51,6.296666666666667,2,0,5.736666666666667,0.02,0.5,6.25
LB+PPO0022.cc,0,0,2.856666666666667,0,0.01,2.8699999999999997,NO-BUGGY-TRACES,,,,,,
safe423.cc,0,0,2.893333333333333,0,0.0033333333333333335,2.9,NO-BUGGY-TRACES,,,,,,
safe096.cc,0,0,2.8800000000000003,0,0.01,2.893333333333333,NO-BUGGY-TRACES,,,,,,
LB+PPO0036.cc,0,0,2.8800000000000003,0,0.0033333333333333335,2.8833333333333333,NO-BUGGY-TRACES,,,,,,
ISA2+eieio+sync+po.cc,0,0,2.8733333333333335,0,0.006666666666666667,2.883333333333333,NO-BUGGY-TRACES,,,,,,
Z6.5+eieio+po+lwsync.cc,3,0,2.8633333333333333,0.07,0.6666666666666666,3.5966666666666662,3,0,5.75,0.06666666666666667,0.6833333333333332,6.503333333333333,3,0,5.739999999999999,0.06333333333333334,0.6833333333333332,6.48
2+2W0002.cc,2,0,2.86,0.04,0.1466666666666667,3.0500000000000003,2,0,5.686666666666667,0.04,0.14,5.866666666666667,2,0,5.739999999999999,0.04,0.15666666666666665,5.933333333333334
ISA2+eieio+addr+sync.cc,0,0,2.8699999999999997,0,0.006666666666666667,2.8833333333333333,NO-BUGGY-TRACES,,,,,,
MP+PPO904.cc,0,0,2.856666666666667,0,0.01,2.8733333333333335,NO-BUGGY-TRACES,,,,,,
bclwdww005.cc,NO-BUGGY-TRACES,,,,,,
MP+PPO276.cc,0,0,2.856666666666667,0,0.01,2.8666666666666667,NO-BUGGY-TRACES,,,,,,
S+PPO815.cc,0,0,2.8533333333333335,0,0.01,2.8666666666666667,NO-BUGGY-TRACES,,,,,,
DETOUR0463.cc,0,0,2.8533333333333335,0,0.006666666666666667,2.86,NO-BUGGY-TRACES,,,,,,
MP+PPO311.cc,NO-BUGGY-TRACES,,,,,,
PPO011.cc,NO-BUGGY-TRACES,,,,,,
hh2.cc,NO-BUGGY-TRACES,,,,,,
MP+PPO437.cc,NO-BUGGY-TRACES,,,,,,
DETOUR0578.cc,2,0,2.89,0.43,128.44333333333333,131.76333333333335,2,0,5.760000000000001,0.4066666666666667,127.29,133.45666666666668,2,0,5.756666666666667,0.4166666666666667,126.83,133.0
MP+PPO511.cc,NO-BUGGY-TRACES,,,,,,
S+PPO189.cc,0,0,2.9,0,0.01,2.9133333333333336,NO-BUGGY-TRACES,,,,,,
MP+PPO675.cc,0,0,2.8866666666666667,0,0.01,2.903333333333333,NO-BUGGY-TRACES,,,,,,
MP+PPO686.cc,NO-BUGGY-TRACES,,,,,,
S+PPO049.cc,0,0,2.86,0,0.01,2.8699999999999997,NO-BUGGY-TRACES,,,,,,
m7l.cc,NO-BUGGY-TRACES,,,,,,
S0011.cc,NO-BUGGY-TRACES,,,,,,
LB+sync+ctrl.cc,0,0,2.856666666666667,0,0.006666666666666667,2.8633333333333333,NO-BUGGY-TRACES,,,,,,
MP+PPO702.cc,NO-BUGGY-TRACES,,,,,,
ISA2+lwsync+po+isync.cc,NO-BUGGY-TRACES,,,,,,
S+PPO123.cc,NO-BUGGY-TRACES,,,,,,
safe439.cc,0,0,2.956666666666667,0,0.01,2.966666666666667,NO-BUGGY-TRACES,,,,,,
MP+PPO542.cc,0,0,2.8699999999999997,0,0.01,2.8833333333333333,NO-BUGGY-TRACES,,,,,,
RWC+eieio+po.cc,ABORT,,2.893333333333333,,12.136666666666665,15.030000000000001,ABORT,,2.8966666666666665,,12.07,14.966666666666669,ABORT,,2.8666666666666667,,12.023333333333333,14.883333333333333
WWC+sync+lwsync.cc,0,0,2.9,0,0.006666666666666667,2.9033333333333338,NO-BUGGY-TRACES,,,,,,
DETOUR0235.cc,0,0,2.9,0,0.01,2.9133333333333336,NO-BUGGY-TRACES,,,,,,
MOREDETOUR0570.cc,Fensying TO (15),,,,,,
LB+PPO0208.cc,0,0,2.89,0,0.006666666666666667,2.896666666666667,NO-BUGGY-TRACES,,,,,,
DETOUR0603.cc,2,0,2.893333333333333,0.22333333333333336,256.5933333333333,259.71,2,0,5.75,0.2333333333333333,257.05,263.0366666666667,2,0,5.753333333333334,0.2333333333333333,256.43666666666667,262.42
DETOUR0877.cc,2,0,2.9233333333333333,0.23666666666666666,877.4733333333334,880.63,2,0,5.743333333333333,0.22666666666666668,863.0133333333333,868.9833333333332,2,0,5.743333333333333,0.22666666666666666,855.96,861.9266666666667
DETOUR1028.cc,2,0,2.91,0.23,6.536666666666666,9.676666666666666,2,0,5.773333333333333,0.23,6.733333333333333,12.743333333333334,2,0,5.736666666666667,0.2333333333333333,6.666666666666667,12.64
safe338.cc,0,0,2.8766666666666665,0,0.01,2.8866666666666667,NO-BUGGY-TRACES,,,,,,
ISA2+lwsync+isync+sync.cc,0,0,2.9033333333333338,0,0.01,2.9133333333333336,NO-BUGGY-TRACES,,,,,,
MP+PPO837.cc,0,0,2.8800000000000003,0,0.01,2.8966666666666665,NO-BUGGY-TRACES,,,,,,
S+PPO365.cc,0,0,2.8699999999999997,0,0.01,2.8800000000000003,NO-BUGGY-TRACES,,,,,,
DETOUR0280.cc,0,0,2.8533333333333335,0,0.01,2.8633333333333333,NO-BUGGY-TRACES,,,,,,
Z6.2+lwsync+po+eieio.cc,0,0,2.8366666666666664,0,0.01,2.85,NO-BUGGY-TRACES,,,,,,
MP+PPO187.cc,0,0,2.8666666666666667,0,0.01,2.8799999999999994,NO-BUGGY-TRACES,,,,,,
LB+PPO0026.cc,NO-BUGGY-TRACES,,,,,,
S+PPO395.cc,NO-BUGGY-TRACES,,,,,,
S+PPO059.cc,0,0,2.8533333333333335,0,0.01,2.8666666666666667,NO-BUGGY-TRACES,,,,,,
LB0109.cc,0,0,2.8833333333333333,0,0.01,2.893333333333333,NO-BUGGY-TRACES,,,,,,
MP+PPO334.cc,0,0,2.8699999999999997,0,0.006666666666666667,2.8800000000000003,NO-BUGGY-TRACES,,,,,,
safe360.cc,0,0,2.873333333333333,0,0.01,2.8900000000000006,NO-BUGGY-TRACES,,,,,,
aclwdrr008.cc,0,0,2.89,0,0.01,2.9,NO-BUGGY-TRACES,,,,,,
LB0137.cc,0,0,2.8733333333333335,0,0.01,2.8866666666666667,NO-BUGGY-TRACES,,,,,,
MOREDETOUR0076.cc,NO-BUGGY-TRACES,,,,,,
S+PPO075.cc,0,0,2.8699999999999997,0,0.006666666666666667,2.8833333333333333,NO-BUGGY-TRACES,,,,,,
S+PPO620.cc,0,0,2.8866666666666667,0,0.01,2.9000000000000004,NO-BUGGY-TRACES,,,,,,
CO-R.cc,0,0,2.8433333333333333,0,0.01,2.856666666666667,NO-BUGGY-TRACES,,,,,,
DETOUR0431.cc,0,0,2.8866666666666667,0,0.006666666666666667,2.9000000000000004,NO-BUGGY-TRACES,,,,,,
MOREDETOUR0314.cc,NO-BUGGY-TRACES,,,,,,
DETOUR1138.cc,0,0,2.8466666666666662,0,0.006666666666666667,2.856666666666667,NO-BUGGY-TRACES,,,,,,
MP+PPO546.cc,NO-BUGGY-TRACES,,,,,,
Z6.2+lwsync+eieio+sync.cc,0,0,2.8633333333333333,0,0.01,2.873333333333333,NO-BUGGY-TRACES,,,,,,
S+PPO669.cc,NO-BUGGY-TRACES,,,,,,
DETOUR0748.cc,NO-BUGGY-TRACES,,,,,,
Z6.4+po+lwsync+lwsync.cc,3,0,2.893333333333333,0.06666666666666667,6.390000000000001,9.346666666666666,3,0,5.760000000000001,0.07,6.343333333333334,12.166666666666666,3,0,5.78,0.07333333333333335,6.3133333333333335,12.159999999999998
podrwposwr022.cc,NO-BUGGY-TRACES,,,,,,
DETOUR0525.cc,Fensying TO (15),,,,,,
MP+PPO952.cc,0,0,2.873333333333333,0,0.0033333333333333335,2.8800000000000003,NO-BUGGY-TRACES,,,,,,
DETOUR0527.cc,NO-BUGGY-TRACES,,,,,,
MP+sync+po.cc,NO-BUGGY-TRACES,,,,,,
WRR+2W+po+eieio.cc,ABORT,,2.8633333333333333,,1.4033333333333333,4.2700000000000005,ABORT,,2.83,,1.4133333333333333,4.236666666666667,ABORT,,2.9,,1.4133333333333333,4.31
MOREDETOUR0308.cc,NO-BUGGY-TRACES,,,,,,
Z6.5+eieio+sync+lwsync.cc,NO-BUGGY-TRACES,,,,,,
W+RWC+rfi-data+lwsync+sync.cc,0,0,2.876666666666667,0,0.01,2.89,NO-BUGGY-TRACES,,,,,,
Z6.4+eieio+sync+po.cc,3,0,2.876666666666667,0.06666666666666667,9.683333333333332,12.623333333333335,3,0,5.746666666666666,0.07,9.543333333333331,15.356666666666667,3,0,5.756666666666667,0.07666666666666667,9.479999999999999,15.313333333333333
S+PPO197.cc,0,0,2.856666666666667,0,0.01,2.873333333333333,NO-BUGGY-TRACES,,,,,,
MOREDETOUR0172.cc,0,0,3.0799999999999996,0,0.01,3.09,NO-BUGGY-TRACES,,,,,,
MP+PPO859.cc,0,0,2.89,0,0.006666666666666667,2.8966666666666665,NO-BUGGY-TRACES,,,,,,
DETOUR0751.cc,0,0,2.876666666666667,0,0.006666666666666667,2.8866666666666667,NO-BUGGY-TRACES,,,,,,
DETOUR1191.cc,0,0,2.8733333333333335,0,0.01,2.8800000000000003,NO-BUGGY-TRACES,,,,,,
DETOUR1030.cc,2,0,2.8533333333333335,0.23666666666666666,6.54,9.63,2,0,5.726666666666667,0.2333333333333333,6.653333333333333,12.61,2,0,5.763333333333333,0.23,6.640000000000001,12.64
LB+PPO0359.cc,0,0,2.86,0,0.01,2.873333333333333,NO-BUGGY-TRACES,,,,,,
MP+PPO056.cc,0,0,2.8699999999999997,0,0.01,2.8866666666666667,NO-BUGGY-TRACES,,,,,,
LB+PPO0356.cc,NO-BUGGY-TRACES,,,,,,
LB0078.cc,NO-BUGGY-TRACES,,,,,,
R0090.cc,2,0,2.893333333333333,0.22666666666666668,1.2266666666666668,4.3500000000000005,2,0,5.743333333333333,0.21666666666666667,1.3666666666666665,7.329999999999999,2,0,5.66,0.22999999999999998,1.2766666666666666,7.163333333333333
MOREDETOUR0339.cc,NO-BUGGY-TRACES,,,,,,
DETOUR0039.cc,0,0,2.8533333333333335,0,0.01,2.8633333333333333,NO-BUGGY-TRACES,,,,,,
MOREDETOUR0269.cc,NO-BUGGY-TRACES,,,,,,
MP+PPO592.cc,0,0,2.856666666666667,0,0.01,2.8666666666666667,NO-BUGGY-TRACES,,,,,,
S+PPO530.cc,NO-BUGGY-TRACES,,,,,,
S+PPO243.cc,NO-BUGGY-TRACES,,,,,,
ISA2+sync+eieio+lwsync.cc,0,0,2.8633333333333333,0,0.0033333333333333335,2.8666666666666667,NO-BUGGY-TRACES,,,,,,
S+PPO337.cc,NO-BUGGY-TRACES,,,,,,
LB+PPO0334.cc,NO-BUGGY-TRACES,,,,,,
LB+PPO0531.cc,NO-BUGGY-TRACES,,,,,,
MOREDETOUR0900.cc,2,0,2.91,1.7,351.5666666666666,356.1766666666667,2,0,5.843333333333334,1.7466666666666668,358.27333333333337,365.85999999999996,2,0,5.796666666666667,1.7133333333333332,352.9333333333334,360.45
S+PPO839.cc,0,0,2.91,0,0.01,2.92,NO-BUGGY-TRACES,,,,,,
LB+PPO0265.cc,0,0,2.8633333333333333,0,0.01,2.8733333333333335,NO-BUGGY-TRACES,,,,,,
MP+PPO513.cc,0,0,2.856666666666667,0,0.01,2.8699999999999997,NO-BUGGY-TRACES,,,,,,
S0012.cc,0,0,2.8599999999999994,0,0.01,2.8733333333333335,NO-BUGGY-TRACES,,,,,,
podrr000.cc,0,0,2.8333333333333335,0,0.01,2.8466666666666662,NO-BUGGY-TRACES,,,,,,
IRWIW+sync+eieio.cc,0,0,2.8633333333333333,0,0.01,2.8733333333333335,NO-BUGGY-TRACES,,,,,,
Z6.4+po+sync+lwsync.cc,3,0,2.8800000000000003,0.07,6.293333333333333,9.236666666666666,3,0,5.78,0.07,6.32,12.163333333333334,3,0,5.8,0.07333333333333335,6.343333333333334,12.213333333333333
LB0094.cc,0,0,2.8866666666666667,0,0.006666666666666667,2.8966666666666665,NO-BUGGY-TRACES,,,,,,
DETOUR1023.cc,2,0,2.8733333333333335,0.41,1.6966666666666665,4.98,2,0,5.716666666666666,0.4266666666666667,1.8833333333333335,8.03,2,0,5.706666666666667,0.4266666666666667,1.9366666666666665,8.073333333333332
DETOUR0752.cc,0,0,2.8466666666666662,0,0.01,2.856666666666667,NO-BUGGY-TRACES,,,,,,
MP0091.cc,0,0,2.8666666666666667,0,0.01,2.8800000000000003,NO-BUGGY-TRACES,,,,,,
LB+PPO0155.cc,0,0,2.8666666666666667,0,0.006666666666666667,2.8800000000000003,NO-BUGGY-TRACES,,,,,,
PPOAA.cc,NO-BUGGY-TRACES,,,,,,
MOREDETOUR0114.cc,NO-BUGGY-TRACES,,,,,,
ISA2+rfi-data+data+lwsync.cc,NO-BUGGY-TRACES,,,,,,
MOREDETOUR0731.cc,0,0,2.9000000000000004,0,0.01,2.91,NO-BUGGY-TRACES,,,,,,
S+PPO464.cc,0,0,2.866666666666667,0,0.01,2.8766666666666665,NO-BUGGY-TRACES,,,,,,
MP+PPO350.cc,0,0,2.8800000000000003,0,0.01,2.893333333333333,NO-BUGGY-TRACES,,,,,,
Z6.2+po+sync+eieio.cc,0,0,2.8766666666666665,0,0.01,2.89,NO-BUGGY-TRACES,,,,,,
LB0111.cc,NO-BUGGY-TRACES,,,,,,
DETOUR0801.cc,NO-BUGGY-TRACES,,,,,,
DETOUR1282.cc,2,0,2.893333333333333,0.23666666666666666,28.683333333333337,31.810000000000002,2,0,5.716666666666666,0.23666666666666666,28.560000000000002,34.51,2,0,5.753333333333333,0.23,28.37333333333333,34.35666666666667
WWC+sync+addr.cc,0,0,2.86,0,0.006666666666666667,2.8699999999999997,NO-BUGGY-TRACES,,,,,,
DETOUR0146.cc,0,0,2.86,0,0.01,2.8699999999999997,NO-BUGGY-TRACES,,,,,,
W+RWC+lwsync+eieio+eieio.cc,0,0,2.85,0,0.01,2.86,NO-BUGGY-TRACES,,,,,,
MP0006.cc,0,0,2.8499999999999996,0,0.01,2.86,NO-BUGGY-TRACES,,,,,,
LB+PPO0586.cc,0,0,2.8466666666666662,0,0.006666666666666667,2.86,NO-BUGGY-TRACES,,,,,,
DETOUR0855.cc,0,0,2.8666666666666667,0,0.006666666666666667,2.8800000000000003,NO-BUGGY-TRACES,,,,,,
LB+PPO0063.cc,0,0,2.8766666666666665,0,0.01,2.8866666666666667,NO-BUGGY-TRACES,,,,,,
ppoa-v4.cc,0,0,2.8866666666666667,0,0.01,2.9,NO-BUGGY-TRACES,,,,,,
MOREDETOUR0323.cc,0,0,2.86,0,0.01,2.8699999999999997,NO-BUGGY-TRACES,,,,,,
S+PPO487.cc,0,0,2.9000000000000004,0,0.006666666666666667,2.91,NO-BUGGY-TRACES,,,,,,
safe196.cc,NO-BUGGY-TRACES,,,,,,
MOREDETOUR0359.cc,NO-BUGGY-TRACES,,,,,,
S+PPO654.cc,NO-BUGGY-TRACES,,,,,,
DETOUR0064.cc,0,0,2.86,0,0.006666666666666667,2.8699999999999997,NO-BUGGY-TRACES,,,,,,
ISA2+sync+isync+po.cc,0,0,2.8833333333333333,0,0.01,2.893333333333333,NO-BUGGY-TRACES,,,,,,
DETOUR0276.cc,NO-BUGGY-TRACES,,,,,,
ISA2+sync+addr+eieio.cc,NO-BUGGY-TRACES,,,,,,
MP+PPO640.cc,0,0,2.89,0,0.01,2.9,NO-BUGGY-TRACES,,,,,,
S+PPO253.cc,0,0,2.8666666666666667,0,0.01,2.8766666666666665,NO-BUGGY-TRACES,,,,,,
S+PPO760.cc,NO-BUGGY-TRACES,,,,,,
MOREDETOUR0033.cc,NO-BUGGY-TRACES,,,,,,
S+PPO925.cc,0,0,2.8733333333333335,0,0.006666666666666667,2.883333333333333,NO-BUGGY-TRACES,,,,,,
S+PPO362.cc,NO-BUGGY-TRACES,,,,,,
Z6.1.cc,3,0,2.896666666666667,0.016666666666666666,0.7600000000000001,3.6733333333333333,3,0,5.72,0.016666666666666666,0.7866666666666667,6.523333333333333,3,0,5.746666666666667,0.016666666666666666,0.79,6.553333333333334
bb1.cc,0,0,2.8733333333333335,0,0.01,2.8866666666666667,NO-BUGGY-TRACES,,,,,,
LB+PPO0471.cc,0,0,2.8833333333333333,0,0.006666666666666667,2.8966666666666665,NO-BUGGY-TRACES,,,,,,
MOREDETOUR0066.cc,0,0,2.8833333333333333,0,0.01,2.896666666666667,NO-BUGGY-TRACES,,,,,,
Z6.1+rfi-data+lwsync+sync.cc,3,0,2.89,1.3466666666666667,395.1933333333334,399.43,3,0,5.75,1.3533333333333335,390.7966666666666,397.8966666666667,3,0,5.81,1.27,397.1566666666667,404.24
rwcv2.cc,0,0,2.8666666666666667,0,0.006666666666666667,2.8766666666666665,NO-BUGGY-TRACES,,,,,,
MP+PPO674.cc,0,0,2.8599999999999994,0,0.01,2.8733333333333335,NO-BUGGY-TRACES,,,,,,
MOREDETOUR0195.cc,NO-BUGGY-TRACES,,,,,,
R0075.cc,2,0,2.8633333333333333,0.23666666666666666,5.94,9.043333333333335,2,0,5.716666666666668,0.22999999999999998,5.963333333333334,11.906666666666666,2,0,5.733333333333333,0.23,5.746666666666666,11.706666666666665
safe485.cc,0,0,2.91,0,0.01,2.9233333333333333,NO-BUGGY-TRACES,,,,,,
S+PPO796.cc,0,0,2.866666666666667,0,0.01,2.8766666666666665,NO-BUGGY-TRACES,,,,,,
ppc-bcumul1.cc,NO-BUGGY-TRACES,,,,,,
MP+PPO872.cc,NO-BUGGY-TRACES,,,,,,
S+PPO773.cc,NO-BUGGY-TRACES,,,,,,
MP0054.cc,0,0,2.853333333333333,0,0.006666666666666667,2.8633333333333333,NO-BUGGY-TRACES,,,,,,
WRC+lwsync+isync.cc,0,0,2.8733333333333335,0,0.01,2.89,NO-BUGGY-TRACES,,,,,,
S+PPO382.cc,0,0,2.86,0,0.01,2.8733333333333335,NO-BUGGY-TRACES,,,,,,
LB+PPO0292.cc,0,0,2.86,0,0.01,2.8699999999999997,NO-BUGGY-TRACES,,,,,,
MP+PPO158.cc,0,0,2.8666666666666667,0,0.01,2.876666666666667,NO-BUGGY-TRACES,,,,,,
S+PPO401.cc,NO-BUGGY-TRACES,,,,,,
SB0050.cc,2,0,2.86,0.43333333333333335,19.69,22.98333333333333,2,0,5.713333333333334,0.43,19.26,25.403333333333336,2,0,5.713333333333334,0.42333333333333334,19.360000000000003,25.496666666666666
podrwposwr007.cc,0,0,2.9000000000000004,0,0.01,2.91,NO-BUGGY-TRACES,,,,,,
DETOUR0723.cc,0,0,2.8466666666666662,0,0.006666666666666667,2.8533333333333335,NO-BUGGY-TRACES,,,,,,
podrwposwr066.cc,NO-BUGGY-TRACES,,,,,,
MOREDETOUR0540.cc,0,0,2.8833333333333333,0,0.01,2.893333333333333,NO-BUGGY-TRACES,,,,,,
DETOUR1341.cc,2,0,2.9166666666666665,0.22666666666666668,737.5866666666666,740.7366666666667,2,0,5.793333333333333,0.22666666666666668,724.3433333333332,730.3633333333333,2,0,5.813333333333333,0.23,725.88,731.93
WRC+eieio+ctrl.cc,0,0,2.8633333333333333,0,0.01,2.8733333333333335,NO-BUGGY-TRACES,,,,,,
MOREDETOUR0388.cc,0,0,2.8966666666666665,0,0.01,2.9066666666666667,NO-BUGGY-TRACES,,,,,,
WW+WW+WR+WW+RW+RR+sync+lwsync+sync+lwsync+sync+lwsync.cc,NO-BUGGY-TRACES,,,,,,
DETOUR0718.cc,NO-BUGGY-TRACES,,,,,,
Z6.3+sync+eieio+lwsync.cc,0,0,2.8733333333333335,0,0.006666666666666667,2.8800000000000003,NO-BUGGY-TRACES,,,,,,
MP+PPO649.cc,0,0,2.8466666666666662,0,0.01,2.856666666666667,NO-BUGGY-TRACES,,,,,,
DETOUR0215.cc,0,0,2.85,0,0.01,2.8633333333333333,NO-BUGGY-TRACES,,,,,,
MP+PPO617.cc,0,0,2.8633333333333333,0,0.01,2.876666666666667,NO-BUGGY-TRACES,,,,,,
MP+PPO547.cc,0,0,2.8633333333333333,0,0.01,2.8766666666666665,NO-BUGGY-TRACES,,,,,,
WRC+lwsync+sync.cc,0,0,2.8466666666666662,0,0.01,2.86,NO-BUGGY-TRACES,,,,,,
LB+PPO0500.cc,0,0,2.8800000000000003,0,0.01,2.896666666666667,NO-BUGGY-TRACES,,,,,,
S+PPO364.cc,0,0,2.84,0,0.01,2.853333333333333,NO-BUGGY-TRACES,,,,,,
MOREDETOUR0153.cc,0,0,2.8866666666666667,0,0.01,2.8966666666666665,NO-BUGGY-TRACES,,,,,,
S+lwsync+po.cc,0,0,2.8633333333333333,0,0.01,2.8733333333333335,NO-BUGGY-TRACES,,,,,,
MP+PPO947.cc,NO-BUGGY-TRACES,,,,,,
MOREDETOUR0927.cc,Fensying TO (15),,,,,,
MOREDETOUR0128.cc,NO-BUGGY-TRACES,,,,,,
MP0002.cc,0,0,2.8666666666666667,0,0.01,2.8800000000000003,NO-BUGGY-TRACES,,,,,,
MP0117.cc,NO-BUGGY-TRACES,,,,,,
LB+PPO0418.cc,0,0,2.893333333333333,0,0.01,2.91,NO-BUGGY-TRACES,,,,,,
DETOUR0688.cc,0,0,2.8666666666666667,0,0.006666666666666667,2.8766666666666665,NO-BUGGY-TRACES,,,,,,
Z6.2+lwsync+lwsync+eieio.cc,0,0,2.8633333333333333,0,0.006666666666666667,2.8733333333333335,NO-BUGGY-TRACES,,,,,,
c1.cc,2,0,2.876666666666667,0.02,0.10333333333333333,3.0,2,0,5.706666666666667,0.02,0.11,5.836666666666666,2,0,5.743333333333333,0.02,0.10666666666666667,5.87
safe014.cc,NO-BUGGY-TRACES,,,,,,
S+PPO896.cc,NO-BUGGY-TRACES,,,,,,
SB0014.cc,NO-BUGGY-TRACES,,,,,,
ISA2+sync+ctrl+sync.cc,0,0,2.883333333333333,0,0.01,2.9,NO-BUGGY-TRACES,,,,,,
S+PPO149.cc,0,0,2.8766666666666665,0,0.01,2.8866666666666667,NO-BUGGY-TRACES,,,,,,
Z6.3+po+eieio+eieio.cc,Fensying TO (15),,,,,,
R0077.cc,2,0,2.893333333333333,0.22666666666666666,1.3933333333333333,4.510000000000001,2,0,5.7299999999999995,0.22,1.303333333333333,7.25,2,0,5.73,0.22666666666666666,1.3066666666666666,7.260000000000001
ISA2+sync+ctrlisync+eieio.cc,NO-BUGGY-TRACES,,,,,,
Z6.5+rfi-data+sync+rfi-addr.cc,3,0,2.89,0.91,279.45666666666665,283.25666666666666,3,0,5.743333333333333,0.9,278.0633333333333,284.7066666666667,3,0,5.766666666666666,0.96,277.09999999999997,283.83
MP0131.cc,NO-BUGGY-TRACES,,,,,,
MP0056.cc,NO-BUGGY-TRACES,,,,,,
DETOUR1220.cc,0,0,2.8666666666666667,0,0.01,2.8800000000000003,NO-BUGGY-TRACES,,,,,,
DETOUR0701.cc,0,0,2.8533333333333335,0,0.01,2.8633333333333333,NO-BUGGY-TRACES,,,,,,
MOREDETOUR0347.cc,0,0,2.853333333333333,0,0.01,2.8666666666666667,NO-BUGGY-TRACES,,,,,,
DETOUR1175.cc,NO-BUGGY-TRACES,,,,,,
DETOUR0254.cc,0,0,2.9033333333333338,0,0.01,2.9166666666666665,NO-BUGGY-TRACES,,,,,,
LB+PPO0414.cc,0,0,2.8499999999999996,0,0.01,2.8666666666666667,NO-BUGGY-TRACES,,,,,,
R0081.cc,2,0,2.873333333333333,0.04,0.32666666666666666,3.2433333333333336,2,0,5.736666666666667,0.04,0.3433333333333333,6.116666666666666,2,0,5.7,0.04,0.3466666666666667,6.09
Z6.3+lwsync+sync+addr.cc,0,0,2.8533333333333335,0,0.01,2.8633333333333333,NO-BUGGY-TRACES,,,,,,
IRIW+lwsync+sync.cc,NO-BUGGY-TRACES,,,,,,
DETOUR0272.cc,NO-BUGGY-TRACES,,,,,,
MP+PPO089.cc,0,0,2.8800000000000003,0,0.006666666666666667,2.89,NO-BUGGY-TRACES,,,,,,
2+2W0009.cc,2,0,2.893333333333333,0.2333333333333333,0.85,3.9766666666666666,2,0,5.713333333333334,0.21666666666666667,0.8399999999999999,6.773333333333333,2,0,5.73,0.22666666666666666,0.8866666666666667,6.843333333333334
MP+PPO288.cc,NO-BUGGY-TRACES,,,,,,
IRIW+eieio+lwsync.cc,NO-BUGGY-TRACES,,,,,,
DETOUR0654.cc,NO-BUGGY-TRACES,,,,,,
ISA2+sync+ctrl+lwsync.cc,NO-BUGGY-TRACES,,,,,,
DETOUR0729.cc,NO-BUGGY-TRACES,,,,,,
DETOUR0174.cc,NO-BUGGY-TRACES,,,,,,
S+PPO163.cc,NO-BUGGY-TRACES,,,,,,
MP+PPO878.cc,0,0,2.8733333333333335,0,0.01,2.8866666666666667,NO-BUGGY-TRACES,,,,,,
safe274.cc,0,0,2.89,0,0.01,2.9033333333333338,NO-BUGGY-TRACES,,,,,,
MOREDETOUR0521.cc,NO-BUGGY-TRACES,,,,,,
DETOUR0896.cc,2,0,2.89,0.2333333333333333,31.293333333333333,34.416666666666664,2,0,5.746666666666667,0.2333333333333333,31.396666666666665,37.376666666666665,2,0,5.736666666666667,0.2333333333333333,30.899999999999995,36.86666666666667
LB+PPO0212.cc,0,0,2.84,0,0.0033333333333333335,2.85,NO-BUGGY-TRACES,,,,,,
DETOUR0927.cc,2,0,2.89,0.22333333333333336,248.6,251.71,2,0,5.73,0.23,245.40333333333334,251.36666666666667,2,0,5.753333333333333,0.2333333333333333,244.70333333333335,250.68999999999997
MOREDETOUR0673.cc,Fensying TO (15),,,,,,
DETOUR1063.cc,Fensying TO (15),,,,,,
MOREDETOUR0248.cc,0,0,2.9,0,0.0033333333333333335,2.9033333333333338,NO-BUGGY-TRACES,,,,,,
safe201.cc,NO-BUGGY-TRACES,,,,,,
LB+PPO0364.cc,NO-BUGGY-TRACES,,,,,,
LB0118.cc,NO-BUGGY-TRACES,,,,,,
LB0123.cc,NO-BUGGY-TRACES,,,,,,
WRR+2W+sync+lwsync.cc,0,0,2.8766666666666665,0,0.006666666666666667,2.8833333333333333,NO-BUGGY-TRACES,,,,,,
MOREDETOUR0753.cc,0,0,2.8766666666666665,0,0.01,2.8866666666666667,NO-BUGGY-TRACES,,,,,,
S+PPO807.cc,0,0,2.8766666666666665,0,0.01,2.8866666666666667,NO-BUGGY-TRACES,,,,,,
2+2W+lwsync+rfi-data.cc,2,0,2.8900000000000006,0.04,2.2966666666666664,5.226666666666667,2,0,5.760000000000001,0.04,2.3066666666666666,8.11,2,0,5.743333333333333,0.04,2.28,8.063333333333333
safe063.cc,0,0,2.8966666666666665,0,0.006666666666666667,2.9033333333333338,NO-BUGGY-TRACES,,,,,,
MOREDETOUR0671.cc,Fensying TO (15),,,,,,
DETOUR0115.cc,0,0,2.8633333333333333,0,0.006666666666666667,2.8699999999999997,NO-BUGGY-TRACES,,,,,,
WRC+data+ctrlisync.cc,0,0,2.84,0,0.01,2.8533333333333335,NO-BUGGY-TRACES,,,,,,
3.2W+lwsync+rfi-data+rfi-data.cc,3,0,2.9,0.8333333333333334,64.19000000000001,67.92333333333333,3,0,5.773333333333333,0.8433333333333333,63.52333333333333,70.14333333333333,3,0,5.776666666666667,0.96,63.93,70.66000000000001
MP+PPO771.cc,0,0,2.856666666666667,0,0.01,2.8733333333333335,NO-BUGGY-TRACES,,,,,,
W+RWC+eieio+eieio+po.cc,3,0,2.9166666666666665,0.07,442.40333333333336,445.3833333333334,3,0,5.743333333333333,0.07,444.39333333333326,450.20000000000005,3,0,5.773333333333333,0.07333333333333335,440.2033333333333,446.05
Z6.2+lwsync+addr+po.cc,0,0,2.8800000000000003,0,0.01,2.89,NO-BUGGY-TRACES,,,,,,
R0036.cc,2,0,2.8866666666666667,0.22333333333333336,1.1633333333333333,4.273333333333333,2,0,5.72,0.22666666666666668,1.2833333333333334,7.233333333333333,2,0,5.739999999999999,0.2333333333333333,1.1133333333333333,7.083333333333333
safe025.cc,0,0,2.9133333333333336,0,0.006666666666666667,2.9266666666666663,NO-BUGGY-TRACES,,,,,,
S+PPO563.cc,0,0,2.866666666666667,0,0.01,2.8766666666666665,NO-BUGGY-TRACES,,,,,,
DETOUR1033.cc,2,0,2.9,0.43,31.06,34.39333333333334,2,0,5.72,0.4266666666666667,31.156666666666666,37.306666666666665,2,0,5.77,0.42,30.88,37.07
LB+PPO0280.cc,0,0,2.8733333333333335,0,0.01,2.8866666666666667,NO-BUGGY-TRACES,,,,,,
MP+PPO224.cc,0,0,2.9033333333333338,0,0.01,2.9166666666666665,NO-BUGGY-TRACES,,,,,,
S+PPO084.cc,NO-BUGGY-TRACES,,,,,,
LB+PPO0478.cc,NO-BUGGY-TRACES,,,,,,
MP+PPO414.cc,NO-BUGGY-TRACES,,,,,,
S+PPO381.cc,0,0,2.8733333333333335,0,0.01,2.8833333333333333,NO-BUGGY-TRACES,,,,,,
S+PPO341.cc,NO-BUGGY-TRACES,,,,,,
MP+PPO960.cc,NO-BUGGY-TRACES,,,,,,
LB+PPO0082.cc,0,0,2.873333333333333,0,0.01,2.8833333333333333,NO-BUGGY-TRACES,,,,,,
ISA2+eieio+isync+addr.cc,0,0,2.8800000000000003,0,0.006666666666666667,2.8866666666666667,NO-BUGGY-TRACES,,,,,,
MOREDETOUR0165.cc,0,0,2.9333333333333336,0,0.006666666666666667,2.94,NO-BUGGY-TRACES,,,,,,
WRW+WR+addr+sync.cc,ABORT,,2.8733333333333335,,0.6266666666666666,3.5,ABORT,,2.8800000000000003,,0.62,3.4966666666666666,ABORT,,2.89,,0.6333333333333333,3.5199999999999996
MP+PPO782.cc,0,0,2.8533333333333335,0,0.006666666666666667,2.8633333333333333,NO-BUGGY-TRACES,,,,,,
MP+PPO317.cc,0,0,2.85,0,0.01,2.8633333333333333,NO-BUGGY-TRACES,,,,,,
SB0040.cc,2,0,2.893333333333333,0.2333333333333333,2.9500000000000006,6.076666666666665,2,0,5.736666666666667,0.2333333333333333,2.8699999999999997,8.846666666666666,2,0,5.736666666666667,0.22999999999999998,2.936666666666667,8.906666666666666
DETOUR0464.cc,0,0,2.8633333333333333,0,0.01,2.8800000000000003,NO-BUGGY-TRACES,,,,,,
MP+PPO450.cc,NO-BUGGY-TRACES,,,,,,
S+PPO426.cc,0,0,2.8800000000000003,0,0.01,2.893333333333333,NO-BUGGY-TRACES,,,,,,
LB+PPO0467.cc,0,0,2.893333333333333,0,0.01,2.9,NO-BUGGY-TRACES,,,,,,
WRR+2W+sync+rfi-data.cc,ABORT,,2.8800000000000003,,90.69333333333333,93.57333333333334,ABORT,,2.89,,91.11666666666667,94.00333333333333,ABORT,,2.9033333333333338,,91.30333333333333,94.20333333333333
LB0030.cc,NO-BUGGY-TRACES,,,,,,
ISA2+lwsync+ctrl+addr.cc,0,0,2.8666666666666667,0,0.01,2.873333333333333,NO-BUGGY-TRACES,,,,,,
DETOUR0281.cc,0,0,2.856666666666667,0,0.01,2.8633333333333333,NO-BUGGY-TRACES,,,,,,
S+PPO040.cc,0,0,2.8466666666666662,0,0.01,2.86,NO-BUGGY-TRACES,,,,,,
DETOUR0745.cc,NO-BUGGY-TRACES,,,,,,
ppo6.cc,0,0,2.84,0,0.01,2.853333333333333,NO-BUGGY-TRACES,,,,,,
MOREDETOUR0626.cc,2,0,2.9,0.42333333333333334,9.836666666666666,13.156666666666666,2,0,5.789999999999999,0.41,9.916666666666666,16.116666666666667,2,0,5.743333333333333,0.42,9.603333333333333,15.770000000000001
bclwdww029.cc,0,0,2.933333333333333,0,0.01,2.9466666666666668,NO-BUGGY-TRACES,,,,,,
3.2W+eieio+po+po.cc,3,0,2.8966666666666665,0.02,0.9066666666666667,3.83,3,0,5.739999999999999,0.023333333333333334,0.92,6.686666666666667,3,0,5.739999999999999,0.02,0.91,6.666666666666667
WRR+2W+lwsyncs.cc,NO-BUGGY-TRACES,,,,,,
DETOUR0700.cc,NO-BUGGY-TRACES,,,,,,
DETOUR1145.cc,0,0,2.8766666666666665,0,0.006666666666666667,2.89,NO-BUGGY-TRACES,,,,,,
S+PPO139.cc,NO-BUGGY-TRACES,,,,,,
LB+PPO0031.cc,NO-BUGGY-TRACES,,,,,,
W+RWC+sync+lwsync+po.cc,3,0,2.9233333333333333,0.07,441.3233333333333,444.31333333333333,3,0,5.739999999999999,0.06333333333333334,445.93333333333334,451.7366666666667,3,0,5.706666666666667,0.06333333333333334,438.3866666666667,444.1566666666667
safe468.cc,0,0,2.8666666666666667,0,0.01,2.8766666666666665,NO-BUGGY-TRACES,,,,,,
MP+PPO444.cc,0,0,2.8466666666666662,0,0.006666666666666667,2.856666666666667,NO-BUGGY-TRACES,,,,,,
DETOUR0326.cc,0,0,2.856666666666667,0,0.01,2.8666666666666667,NO-BUGGY-TRACES,,,,,,
safe538.cc,NO-BUGGY-TRACES,,,,,,
S+PPO930.cc,0,0,2.8799999999999994,0,0.006666666666666667,2.8866666666666667,NO-BUGGY-TRACES,,,,,,
DETOUR0083.cc,0,0,2.8733333333333335,0,0.01,2.8833333333333333,NO-BUGGY-TRACES,,,,,,
W+RWC+eieio+eieio+lwsync.cc,NO-BUGGY-TRACES,,,,,,
WRC+sync+ctrlisync.cc,0,0,2.876666666666667,0,0.01,2.89,NO-BUGGY-TRACES,,,,,,
Z6.3+eieio+po+lwsync.cc,0,0,2.8866666666666667,0,0.01,2.9,NO-BUGGY-TRACES,,,,,,
WRW+WR+lwsyncs.cc,NO-BUGGY-TRACES,,,,,,
MP+PPO844.cc,0,0,2.873333333333333,0,0.01,2.8800000000000003,NO-BUGGY-TRACES,,,,,,
MP+sync+addr-bigdetour2synclwsync-addr.cc,NO-BUGGY-TRACES,,,,,,
MP0157.cc,NO-BUGGY-TRACES,,,,,,
Z6.2+po+lwsync+eieio.cc,NO-BUGGY-TRACES,,,,,,
2+2W0013.cc,2,0,2.9,0.4066666666666667,1.11,4.420000000000001,2,0,5.713333333333334,0.41333333333333333,1.3066666666666666,7.4433333333333325,2,0,5.723333333333334,0.42333333333333334,1.1600000000000001,7.313333333333333
DETOUR1022.cc,2,0,2.9066666666666667,0.2333333333333333,358.62999999999994,361.7733333333333,2,0,5.756666666666667,0.23,352.71333333333337,358.7,2,0,5.783333333333334,0.23,350.62000000000006,356.6366666666666
Z6.4+sync+po+lwsync.cc,3,0,2.856666666666667,0.06333333333333334,0.7066666666666667,3.6333333333333333,3,0,5.766666666666667,0.07666666666666667,0.7566666666666667,6.599999999999999,3,0,5.72,0.06666666666666667,0.7433333333333333,6.526666666666666
S+isync+addr.cc,NO-BUGGY-TRACES,,,,,,
MOREDETOUR0270.cc,0,0,2.89,0,0.01,2.9,NO-BUGGY-TRACES,,,,,,
LB+lwsyncs.cc,0,0,2.853333333333333,0,0.01,2.866666666666667,NO-BUGGY-TRACES,,,,,,
MP+PPO764.cc,NO-BUGGY-TRACES,,,,,,
MP+PPO434.cc,NO-BUGGY-TRACES,,,,,,
safe238.cc,0,0,2.8633333333333333,0,0.01,2.8733333333333335,NO-BUGGY-TRACES,,,,,,
R0041.cc,2,0,2.8733333333333335,0.22666666666666668,2.34,5.4433333333333325,2,0,5.75,0.2333333333333333,2.3966666666666665,8.373333333333333,2,0,5.72,0.23,2.28,8.229999999999999
DETOUR1313.cc,2,0,2.8833333333333333,0.23666666666666666,4.546666666666666,7.669999999999999,2,0,5.716666666666666,0.2333333333333333,4.826666666666667,10.776666666666666,2,0,5.756666666666667,0.22333333333333336,4.676666666666667,10.656666666666666
2+2W0041.cc,2,0,2.866666666666667,0.2333333333333333,0.7866666666666666,3.8866666666666667,2,0,5.733333333333333,0.2333333333333333,0.7333333333333334,6.7,2,0,5.71,0.22666666666666668,0.8366666666666666,6.776666666666667
LB+PPO0491.cc,0,0,2.84,0,0.01,2.85,NO-BUGGY-TRACES,,,,,,
safe397.cc,0,0,2.9433333333333334,0,0.01,2.953333333333333,NO-BUGGY-TRACES,,,,,,
Z6.0+sync+eieio+eieio.cc,0,0,2.8633333333333333,0,0.01,2.8800000000000003,NO-BUGGY-TRACES,,,,,,
LB+PPO0588.cc,NO-BUGGY-TRACES,,,,,,
S+PPO614.cc,0,0,2.86,0,0.01,2.8699999999999997,NO-BUGGY-TRACES,,,,,,
MP+PPO399.cc,0,0,2.8333333333333335,0,0.006666666666666667,2.8433333333333333,NO-BUGGY-TRACES,,,,,,
S+PPO367.cc,0,0,2.84,0,0.01,2.853333333333333,NO-BUGGY-TRACES,,,,,,
MP0139.cc,0,0,2.8666666666666667,0,0.01,2.8733333333333335,NO-BUGGY-TRACES,,,,,,
DETOUR1055.cc,2,0,2.8866666666666667,0.2333333333333333,31.650000000000002,34.77,2,0,5.740000000000001,0.23666666666666666,31.62,37.593333333333334,2,0,5.72,0.23666666666666666,31.75,37.70333333333333
IRWIW+lwsync+po.cc,ABORT,,2.873333333333333,,11.986666666666666,14.86,ABORT,,2.8966666666666665,,11.746666666666668,14.643333333333333,ABORT,,2.893333333333333,,11.69,14.586666666666666
WRC+ctrlisync+addr.cc,0,0,2.9033333333333338,0,0.006666666666666667,2.91,NO-BUGGY-TRACES,,,,,,
podrw001.cc,0,0,2.8699999999999997,0,0.01,2.8800000000000003,NO-BUGGY-TRACES,,,,,,
LB+PPO0285.cc,0,0,2.8800000000000003,0,0.01,2.89,NO-BUGGY-TRACES,,,,,,
S+PPO013.cc,NO-BUGGY-TRACES,,,,,,
S0115.cc,0,0,2.8800000000000003,0,0.01,2.8900000000000006,NO-BUGGY-TRACES,,,,,,
MP+PPO016.cc,0,0,2.856666666666667,0,0.01,2.8666666666666667,NO-BUGGY-TRACES,,,,,,
MP+PPO745.cc,0,0,2.8733333333333335,0,0.006666666666666667,2.883333333333333,NO-BUGGY-TRACES,,,,,,
MP+PPO881.cc,NO-BUGGY-TRACES,,,,,,
S0060.cc,0,0,2.856666666666667,0,0.006666666666666667,2.873333333333333,NO-BUGGY-TRACES,,,,,,
safe303.cc,0,0,2.9266666666666663,0,0.01,2.94,NO-BUGGY-TRACES,,,,,,
WW+RR+WW+RR+lwsyncs.cc,0,0,2.91,0,0.01,2.92,NO-BUGGY-TRACES,,,,,,
WW+RW+RR+WW+RW+WR+lwsync+sync+lwsync+sync+lwsync+sync.cc,NO-BUGGY-TRACES,,,,,,
Z6.2+sync+po+eieio.cc,0,0,2.853333333333333,0,0.006666666666666667,2.856666666666667,NO-BUGGY-TRACES,,,,,,
S+PPO732.cc,0,0,2.8533333333333335,0,0.01,2.8666666666666667,NO-BUGGY-TRACES,,,,,,
MP+PPO340.cc,0,0,2.8533333333333335,0,0.0033333333333333335,2.86,NO-BUGGY-TRACES,,,,,,
S+PPO008.cc,0,0,2.856666666666667,0,0.01,2.8666666666666667,NO-BUGGY-TRACES,,,,,,
safe132.cc,0,0,2.9233333333333333,0,0.01,2.9333333333333336,NO-BUGGY-TRACES,,,,,,
DETOUR0524.cc,Fensying TO (15),,,,,,
MOREDETOUR0637.cc,2,0,2.8966666666666665,0.23,6.376666666666666,9.5,2,0,5.733333333333333,0.2333333333333333,6.466666666666666,12.436666666666667,2,0,5.766666666666667,0.23,6.396666666666667,12.396666666666667
DETOUR0890.cc,2,0,2.86,0.43333333333333335,110.37333333333333,113.66333333333334,2,0,5.733333333333333,0.42333333333333334,108.95666666666666,115.11333333333334,2,0,5.726666666666667,0.4266666666666667,108.77333333333333,114.92999999999999
MP+PPO292.cc,0,0,2.8633333333333333,0,0.01,2.8733333333333335,NO-BUGGY-TRACES,,,,,,
podrwposwr049.cc,0,0,2.9033333333333338,0,0.01,2.9166666666666665,NO-BUGGY-TRACES,,,,,,
S+PPO322.cc,NO-BUGGY-TRACES,,,,,,
DETOUR0501.cc,NO-BUGGY-TRACES,,,,,,
DETOUR0486.cc,NO-BUGGY-TRACES,,,,,,
S+PPO491.cc,0,0,2.8699999999999997,0,0.01,2.876666666666667,NO-BUGGY-TRACES,,,,,,
MOREDETOUR0688.cc,2,0,2.8800000000000003,31.073333333333334,780.21,814.1633333333333,2,0,5.843333333333334,31.153333333333332,807.35,844.3433333333332,2,0,5.84,31.150000000000002,775.21,812.2033333333334
ISA2+sync+po+po.cc,0,0,2.85,0,0.01,2.86,NO-BUGGY-TRACES,,,,,,
S+PPO523.cc,NO-BUGGY-TRACES,,,,,,
LB+PPO0406.cc,0,0,2.89,0,0.01,2.9066666666666663,NO-BUGGY-TRACES,,,,,,
MP+PPO928.cc,NO-BUGGY-TRACES,,,,,,
LB+PPO0496.cc,NO-BUGGY-TRACES,,,,,,
R0072.cc,2,0,2.86,0.22666666666666668,1.2166666666666668,4.303333333333334,2,0,5.696666666666666,0.23,1.2866666666666668,7.213333333333334,2,0,5.723333333333334,0.2333333333333333,1.39,7.349999999999999
safe465.cc,0,0,2.8766666666666665,0,0.0033333333333333335,2.8800000000000003,NO-BUGGY-TRACES,,,,,,
DETOUR0079.cc,0,0,2.8633333333333333,0,0.01,2.8733333333333335,NO-BUGGY-TRACES,,,,,,
MP+PPO039.cc,0,0,2.8466666666666662,0,0.006666666666666667,2.856666666666667,NO-BUGGY-TRACES,,,,,,
Z6.2+sync+po+po.cc,0,0,2.86,0,0.01,2.876666666666667,NO-BUGGY-TRACES,,,,,,
MP0044.cc,0,0,2.896666666666667,0,0.006666666666666667,2.9033333333333338,NO-BUGGY-TRACES,,,,,,
WRC+eieio+isync.cc,0,0,2.8733333333333335,0,0.01,2.883333333333333,NO-BUGGY-TRACES,,,,,,
MP+PPO917.cc,0,0,2.8433333333333337,0,0.01,2.856666666666667,NO-BUGGY-TRACES,,,,,,
MP+PPO282.cc,NO-BUGGY-TRACES,,,,,,
MP+PPO117.cc,NO-BUGGY-TRACES,,,,,,
WWC+addr+sync.cc,NO-BUGGY-TRACES,,,,,,
S0058.cc,0,0,2.89,0,0.01,2.9,NO-BUGGY-TRACES,,,,,,
DETOUR0559.cc,Fensying TO (15),,,,,,
Z6.3+po+lwsync+po.cc,3,0,2.893333333333333,0.02,188.54666666666665,191.46333333333334,3,0,5.796666666666667,0.023333333333333334,188.29666666666665,194.12,3,0,5.783333333333334,0.02666666666666667,189.86333333333334,195.67333333333332
safe394.cc,0,0,2.973333333333333,0,0.01,2.986666666666667,NO-BUGGY-TRACES,,,,,,
d1.cc,0,0,2.86,0,0.01,2.8699999999999997,NO-BUGGY-TRACES,,,,,,
DETOUR1332.cc,2,0,2.883333333333333,0.23666666666666666,49.13666666666666,52.25666666666666,2,0,5.726666666666667,0.23,49.1,55.056666666666665,2,0,5.776666666666667,0.23,48.583333333333336,54.586666666666666
LB0020.cc,0,0,2.8699999999999997,0,0.01,2.8833333333333333,NO-BUGGY-TRACES,,,,,,
DETOUR0350.cc,0,0,2.89,0,0.01,2.8966666666666665,NO-BUGGY-TRACES,,,,,,
SB0057.cc,2,0,2.86,0.2333333333333333,2.856666666666667,5.946666666666666,2,0,5.703333333333333,0.23,3.013333333333333,8.943333333333333,2,0,5.756666666666667,0.22333333333333336,2.6666666666666665,8.643333333333333
MOREDETOUR0809.cc,0,0,2.8800000000000003,0,0.01,2.8966666666666665,NO-BUGGY-TRACES,,,,,,
LB0045.cc,NO-BUGGY-TRACES,,,,,,
S+PPO660.cc,0,0,2.8633333333333333,0,0.01,2.8766666666666665,NO-BUGGY-TRACES,,,,,,
LB+PPO0019.cc,NO-BUGGY-TRACES,,,,,,
MOREDETOUR0331.cc,0,0,2.8766666666666665,0,0.01,2.8866666666666667,NO-BUGGY-TRACES,,,,,,
ISA2+sync+data+isync.cc,NO-BUGGY-TRACES,,,,,,
MP+PPO210.cc,NO-BUGGY-TRACES,,,,,,
W+RWC+eieio+addr+lwsync.cc,NO-BUGGY-TRACES,,,,,,
safe528.cc,NO-BUGGY-TRACES,,,,,,
R0056.cc,2,0,2.893333333333333,0.2333333333333333,1.2466666666666668,4.366666666666666,2,0,5.733333333333333,0.23,1.2433333333333334,7.206666666666666,2,0,5.743333333333333,0.22666666666666668,1.2666666666666668,7.236666666666667
safe341.cc,NO-BUGGY-TRACES,,,,,,
MP+PPO847.cc,0,0,2.8633333333333333,0,0.01,2.873333333333333,NO-BUGGY-TRACES,,,,,,
ISA2+sync+ctrl+po.cc,NO-BUGGY-TRACES,,,,,,
DETOUR0211.cc,0,0,2.856666666666667,0,0.01,2.8666666666666667,NO-BUGGY-TRACES,,,,,,
MOREDETOUR0299.cc,NO-BUGGY-TRACES,,,,,,
Z6.5+eieio+sync+sync.cc,0,0,2.8466666666666662,0,0.01,2.86,NO-BUGGY-TRACES,,,,,,
Z6.2+po+lwsync+lwsync.cc,0,0,2.86,0,0.01,2.8733333333333335,NO-BUGGY-TRACES,,,,,,
S+PPO314.cc,0,0,2.8699999999999997,0,0.01,2.8833333333333333,NO-BUGGY-TRACES,,,,,,
2+2W0052.cc,2,0,2.853333333333333,0.22999999999999998,0.58,3.6633333333333336,2,0,5.7,0.22333333333333336,0.6133333333333334,6.533333333333334,2,0,5.72,0.22333333333333336,0.6,6.546666666666667
MP+PPO661.cc,0,0,2.9133333333333336,0,0.01,2.9233333333333333,NO-BUGGY-TRACES,,,,,,
MOREDETOUR0638.cc,2,0,2.9133333333333336,0.42,332.5933333333333,335.93,2,0,5.75,0.43,332.23,338.40999999999997,2,0,5.78,0.4266666666666667,330.50666666666666,336.71333333333337
Z6.5+po+lwsync+po.cc,3,0,2.8833333333333333,0.02,0.7600000000000001,3.6666666666666665,3,0,5.7299999999999995,0.023333333333333334,0.7466666666666667,6.493333333333332,3,0,5.746666666666666,0.016666666666666666,0.7633333333333333,6.523333333333333
MOREDETOUR0512.cc,0,0,2.8466666666666662,0,0.01,2.86,NO-BUGGY-TRACES,,,,,,
Z6.1+po+po+lwsync.cc,3,0,2.8800000000000003,0.02,5.973333333333334,8.883333333333335,3,0,5.746666666666667,0.02,5.883333333333333,11.653333333333334,3,0,5.760000000000001,0.02,5.873333333333334,11.656666666666666
Z6.0+rfi-data+addr+rfi-addr.cc,3,0,2.8800000000000003,0.04,703.0,705.9166666666666,3,0,5.766666666666667,0.04,700.29,706.0966666666667,3,0,5.773333333333333,0.04,710.5133333333333,716.3233333333334
LB+PPO0010.cc,0,0,2.8733333333333335,0,0.01,2.8833333333333333,NO-BUGGY-TRACES,,,,,,
S0088.cc,0,0,2.8733333333333335,0,0.01,2.8833333333333333,NO-BUGGY-TRACES,,,,,,
3.2W+rfi-datas.cc,3,0,2.8833333333333333,0.6433333333333332,732.9733333333334,736.5033333333334,3,0,5.75,0.5933333333333333,723.3666666666667,729.71,3,0,5.766666666666667,0.59,733.2066666666666,739.5633333333334
MP+PPO474.cc,0,0,2.8766666666666665,0,0.006666666666666667,2.89,NO-BUGGY-TRACES,,,,,,
MOREDETOUR0740.cc,NO-BUGGY-TRACES,,,,,,
S0053.cc,NO-BUGGY-TRACES,,,,,,
podrwposwr064.cc,NO-BUGGY-TRACES,,,,,,
DETOUR1321.cc,2,0,2.8699999999999997,0.04,2.276666666666667,5.186666666666667,2,0,5.68,0.036666666666666674,2.283333333333333,8.003333333333332,2,0,5.739999999999999,0.04,2.256666666666667,8.036666666666667
safe066.cc,0,0,2.9066666666666667,0,0.01,2.92,NO-BUGGY-TRACES,,,,,,
S0071.cc,NO-BUGGY-TRACES,,,,,,
LB+PPO0489.cc,0,0,2.89,0,0.006666666666666667,2.9,NO-BUGGY-TRACES,,,,,,
MP+PPO614.cc,NO-BUGGY-TRACES,,,,,,
ISA2+eieio+sync+ctrlisync.cc,NO-BUGGY-TRACES,,,,,,
DETOUR1291.cc,2,0,2.8800000000000003,0.23,4.906666666666666,8.013333333333334,2,0,5.739999999999999,0.23666666666666666,5.003333333333334,10.983333333333334,2,0,5.736666666666667,0.2333333333333333,4.9433333333333325,10.910000000000002
DETOUR0749.cc,0,0,2.8800000000000003,0,0.01,2.893333333333333,NO-BUGGY-TRACES,,,,,,
DETOUR0455.cc,0,0,2.85,0,0.01,2.86,NO-BUGGY-TRACES,,,,,,
S+PPO359.cc,0,0,2.8833333333333333,0,0.01,2.8966666666666665,NO-BUGGY-TRACES,,,,,,
safe396.cc,0,0,2.8666666666666667,0,0.01,2.8733333333333335,NO-BUGGY-TRACES,,,,,,
ISA2+lwsync+sync+lwsync.cc,0,0,2.9066666666666663,0,0.01,2.9166666666666665,NO-BUGGY-TRACES,,,,,,
MP+PPO597.cc,0,0,2.893333333333333,0,0.006666666666666667,2.903333333333333,NO-BUGGY-TRACES,,,,,,
MP+PPO433.cc,0,0,2.8700000000000006,0,0.01,2.876666666666667,NO-BUGGY-TRACES,,,,,,
ISA2+lwsync+sync+ctrl.cc,0,0,2.996666666666666,0,0.006666666666666667,3.0033333333333334,NO-BUGGY-TRACES,,,,,,
podrw002.cc,0,0,2.8466666666666662,0,0.006666666666666667,2.8533333333333335,NO-BUGGY-TRACES,,,,,,
MP+PPO873.cc,0,0,2.86,0,0.01,2.8699999999999997,NO-BUGGY-TRACES,,,,,,
LB+eieio+ctrl.cc,0,0,2.8466666666666662,0,0.01,2.86,NO-BUGGY-TRACES,,,,,,
DETOUR0264.cc,0,0,2.8800000000000003,0,0.006666666666666667,2.8866666666666667,NO-BUGGY-TRACES,,,,,,
LB0032.cc,NO-BUGGY-TRACES,,,,,,
R+lwsync+po.cc,2,0,2.876666666666667,0.02,0.10333333333333333,2.9933333333333336,2,0,5.73,0.02,0.10000000000000002,5.8500000000000005,2,0,5.723333333333334,0.02,0.10333333333333333,5.846666666666667
3.LB+eieio+addr+po.cc,0,0,2.8800000000000003,0,0.006666666666666667,2.8866666666666667,NO-BUGGY-TRACES,,,,,,
MOREDETOUR0412.cc,Fensying TO (15),,,,,,
LB+lwsync+ctrlisync.cc,NO-BUGGY-TRACES,,,,,,
MP+PPO035.cc,0,0,0.2233333333333333,0,0.01,0.2333333333333333,NO-BUGGY-TRACES,,,,,,
MP+eieio+po.cc,NO-BUGGY-TRACES,,,,,,
MP+PPO877.cc,NO-BUGGY-TRACES,,,,,,
DETOUR1218.cc,0,0,0.22333333333333336,0,0.006666666666666667,0.22999999999999998,NO-BUGGY-TRACES,,,,,,
DETOUR0482.cc,NO-BUGGY-TRACES,,,,,,
MP+PPO420.cc,NO-BUGGY-TRACES,,,,,,
S+PPO786.cc,0,0,0.21666666666666667,0,0.01,0.22666666666666666,NO-BUGGY-TRACES,,,,,,
